Title,Channel ID
아는형님 Knowingbros,UCOHM2N1YQdb-cHWxJxwBMLQ
official IZ*ONE,UCe_oTYByLWQYCUmgmOMU_xw
United CUBE (CUBE Entertainment Official YouTube Channel),UC3lz95UPhKJW1aS3_za6SuQ
CuRe 구래,UCkLNHZZsC3LKdUAroKNwOOw
영국남자 Korean Englishman,UCg-p3lQIqmhh7gHpyaOmOiQ
장삐쭈,UChbE5OZQ6dRHECsX0tEPEZQ
슈카월드,UCsJ6RuBiTVWRX156FVbeaGg
숏박스,UC1B6SalAoiJD7eHfMUA9QrA
피식대학Psick Univ,UCGX5sP4ehBkihHwt5bs5wvg
퇴경아 약먹자,UCq-NPoQsxpkdu5n2-BF5TCw
엠뚜루마뚜루 : MBC 공식 종합 채널,UCiwQRG2sCcfjKkgxMEdJGPg
보물섬,UC9ZLv1m7QDLv991X1-p50AA
크림히어로즈,UCmLiSrat4HW2k07ahKEJo4w
Kittisaurus,UCwcsDWGip6vtiZyCnvDoClQ
[THE SOY]루퐁이네,UC3PSZivQbIegrfavj4fmgQQ
수리노을SuriNoel,UCLsj_Re3SxtkbZfX_ypY1eQ
밀키복이탄이MilkyBokiTan,UCP1CQH2PVJv4-glNTuVJl3g
슈앤트리 SHU AND TREE,UCij19II32Olbu8_vghmYNCA
강형욱의 보듬TV,UCee1MvXr6E8qC_d2WEYTU5g
크집사,UCkuA_gDjISfGgbdp02BUwyQ
제발돼라 PleaseBee,UC9qVIyKKwLRV00TL2MFQdzQ
정브르,UCOv1v2iptqYMVEwLAIUOhPw
haha ha,UCOp66Vup07X0YziXaaxqs2A
KBS동물티비 : 애니멀포유 animal4u,UCAhKKbDO9-ymWZ_7iAFLBQQ
Cheri Hyeri 체리 혜리,UCD3CYe6XKcgYPyAALLh0oRg
소녀의행성 Girlsplanet,UC-IYpdOqjkER7B6cnChwlhA
Haiyan,UCR92NUaE1Jn_Jzsm8qL-kZg
냥이아빠,UC5AAf4_zZxk-mCl46TogZQQ
다흑,UCwl9OALh8IMwSv_kFdHlMDA
Enjoy Toys Shin,UCpCjTTLS9aZxdPrZfiRuaOQ
천재견 사월이sawol,UCrf5zJvtOoZkIviA3IZNPGA
속삭이는몽자,UCzjDgV-G8_J-iRbkYktqyGQ
솜이네 곰이탱이여우,UCX2laRqGQhqoChYmlaUgOiw
Coco Klub,UCjIJwGB7Y4BwoyCYzobsnDg
힐링해요 동물의 짤,UChz95FXbJk3No_QhAOCoiFA
TV생물도감,UCgsgpELbaTiGjCHIjHVF8uQ
SIMI TV,UC9a4bq1AkcTG9smpUuQHIOg
Golden Retriever - Dog Awesome,UCtL3Shbh4_Anest60zKFfYg
Arirang은 고양이들내가 주인,UCETBLykCDpfP6L0awBd7Vwg
코니tv conitv,UCBbT9lgavJ44vNs0Vb_hlqA
김메주와 고양이들,UCCb6W2FU1L7j9mw14YK-9yg
해수인tv Hesuin BADA,UC98TOxKQk4aLcx0EjIK0LkQ
댕댕이와야옹이,UCv2oDUS8fEOJDhcT2tlw-Cg
코인 김선장,UCbmZSeosMzA_AkxkoY5gG2Q
아리둥절 Ari the Corgi,UCeXxAet11DPbC8pG-lBOUTQ
Griffin Frenchie,UC43CkWhXhi20AvyrWG2nU_g
이누인 INUINN,UCyiV1mCTzLS1ZB4hyDgtS6g
무지막지한 막무家네,UCLmeWUramUY8YAQ6A40Ionw
검은고양이 다홍 Blackcat Dahong,UCKUz_7LxgiMXa0lrwzzsKTQ
빠니보틀 Pani Bottle,UCNhofiqfw5nl-NeDJkXtPvw
곽튜브,UClRNDVO8093rmRTtLe4GEPw
Soon Films 순필름,UCdGwDjTgbSwQDZ8dYOdrplg
King Food 킹푸드,UCNmcTEOEOW89YtxIPQG9qFg
Rirang OnAir,UCeyU98dnBQ18KdThUqSvBtA
Kim Miso,UClrGKMnK9lvo83f_vl-O-RQ
피기보이 PiggyBoy,UC4yDkTiEcy3hJ9LfCdx9Pkw
코이티비 KOITV,UCLvaHVogti2o0AkXoNZzeKA
크리스 [구 소련여자],UC7Krez5EI8pXKHnYWsE-zUw
YumYum얌얌,UCACB9uLz5-62dEfpd8c5m7A
푸드스토리 FoodStory,UCKjq5UrlxXqb7EgPwZl5JNg
Family Kim 패밀리김,UCsIAfWi3uxjnQPpdvBgBI4Q
지식해적단,UC9cCBxBAQW2CzLYeT20q49A
EBS 컬렉션 - 라이프스타일,UCsLoTwOpElvEixfF1-O90rA
Sophie Kim _하은,UCZe_uzZ6VLMXtwW2V9-VvpQ
집나간햄지 Wandering Hamzy,UC1EiHIhV6UDRWOY6BaEavdw
하이푸디 HiFoodie,UC2asXnNIkyag4jZkAgadGlQ
초마드 CHOMAD,UCvuwlY4fWkWMuzRkj5MAK9Q
Tasty Travel 맛있는 여행,UC084zOc5knHoHr81teIziwQ
KBS여행 걸어서 세계속으로,UCFw4M1BJYYdN1YtS8SzlDzg
스낵타운 SNACKTOWN,UClgQvJio7ylGa9kV9b7VzLQ
일오팔,UCJ4ETdbjB1MDhjwEZDtUlBQ
지무비 : G Movie,UCaHGOzOyeYzLQeKsVkfLEGA
총몇명,UCRuSxVu4iqTK5kCh90ntAgA

