"channel_id","title","description","custom_url","published_at","thumbnail","topic_id","keyword","banner","upload_list","total_view","subscriber","video_count","latest30_views","latest30_likes","latest30_comments","rank","participation_rate","activity_rate","avg_views","avg_likes","avg_comments","like_per_view","comment_per_view","channel_activity","channel_wordcloud"
"UCOHM2N1YQdb-cHWxJxwBMLQ","ì•„ëŠ”í˜•ë‹˜ Knowingbros","ì•„ëŠ” í˜•ë‹˜ Knowingbros
JTBC ëŒ€í‘œ ì˜ˆëŠ¥ ï¼œì•„ëŠ” í˜•ë‹˜ï¼ ê³µì‹ ìœ íŠœë¸Œ ì±„ë„ ì…ë‹ˆë‹¤.","@knowingbros","2014-01-14 07:23:12","https://yt3.ggpht.com/ytc/AGIKgqNy81YjC9LCRxuu274SbnJgy3tZhGbx6ISbFSO_ig=s88-c-k-c0x00ffffff-no-rj","[9, 40, 42, 45]","""ì•„ëŠ” í˜•ë‹˜"" knowingbros ê°•í˜¸ë™ ì´ìˆ˜ê·¼ ì„œì¥í›ˆ ê¹€í¬ì²  ë¯¼ê²½í›ˆ ê¹€ì˜ì² ","https://yt3.googleusercontent.com/6KbPLHSvMWAhrrGRrwjw6OE6BQFRSZVtmyrnreyIEtMtel7GFuBDKgoXMi4UlL0MSHsyis2HZA","UUOHM2N1YQdb-cHWxJxwBMLQ","1560338623","2290000","3992","1080056","14472","758","gold","1.41","1.57","36001","482","25","1:74","1:1440","https://imagedelivery.net/0LpbCRndcZjwIKnq2dWrKQ/310b1c18-6791-4a67-5f0f-633476de4f00/public","https://imagedelivery.net/0LpbCRndcZjwIKnq2dWrKQ/93761f46-628f-4bcc-a547-a944f5fb9a00/public"
"UCe_oTYByLWQYCUmgmOMU_xw","official IZ*ONE","","@officializone","2018-08-30 02:50:52","https://yt3.ggpht.com/ytc/AGIKgqOEC90Tw3fclaPsDEsIuVClfHXTGNO4bLef2r5JiQ=s88-c-k-c0x00ffffff-no-rj-mo","[1, 9, 11, 40]","","https://yt3.googleusercontent.com/Yb2qTd7RGIlpiy4E4_GAERGilJFRpFcT97L8SPxi48WPKs2O2rovyh9G2W6Gx0DmUiIf_6PWhOI","UUe_oTYByLWQYCUmgmOMU_xw","803399342","2280000","270","20979686","1178048","110232","gold","6.14","30.67","699322","39268","3674","1:17","1:190","https://imagedelivery.net/0LpbCRndcZjwIKnq2dWrKQ/a5def646-18e5-41b1-8ad0-b9cfc80bdb00/public","https://imagedelivery.net/0LpbCRndcZjwIKnq2dWrKQ/dc4736d4-2f7c-40ce-84c2-0d3eaeb3cd00/public"
"UC3lz95UPhKJW1aS3_za6SuQ","United CUBE (CUBE Entertainment Official YouTube Channel)","Welcome to UNITED CUBE official channel.
Subscribe the channel and watch the latest videos from Cube Entertainment's artists.

íë¸Œì—”í„°í…Œì¸ë¨¼íŠ¸ ê³µì‹ ìœ íŠœë¸Œ ì±„ë„ì…ë‹ˆë‹¤.","@theunitedcube","2012-08-01 06:50:33","https://yt3.ggpht.com/ytc/AGIKgqOAfJ_hBdxKkSPMbsOtoyXR_1FO0fZKxLdU8EuQrQ=s88-c-k-c0x00ffffff-no-rj","[1, 9, 40]","kpop 4Minute Beast G.NA BTOB CLC PENTAGON GIDLE (G)I-DLE gi-dle idle ""Cube Entertainment"" í¬ë¯¸ë‹› ë¹„ìŠ¤íŠ¸ ì§€ë‚˜ ë¹„íˆ¬ë¹„ ì”¨ì—˜ì”¨ íœíƒ€ê³¤ ì•„ì´ë“¤ ì—¬ìì•„ì´ë“¤ ë‘ì¤€ í˜„ìŠ¹ ì¤€í˜• ìš”ì„­ ê¸°ê´‘ ë™ìš´ ì§€í˜„ ê°€ìœ¤ ì§€ìœ¤ í˜„ì•„ ì†Œí˜„ ì€ê´‘ ë¯¼í˜ ì°½ì„­ í˜„ì‹ í”„ë‹ˆì—˜ ì¼í›ˆ ì„±ì¬ ë…¸ì§€í›ˆ ìŠ¹í¬ ìŠ¹ì—° ìœ ì§„ ì† ì—˜í‚¤ ì˜ˆì€ ì€ë¹ˆ í›„ì´ ì§„í˜¸ í™ì„ ì‹ ì› ì—¬ì› ì´ë˜ ì˜Œì•ˆ ìœ í†  í‚¤ë…¸ ìš°ì„ ì†Œì—° ë¯¸ì—° ìˆ˜ì§„ ë¯¼ë‹ˆ ìš°ê¸° ìŠˆí™”","https://yt3.googleusercontent.com/MbHR9ifg2a8WmEdJyoHw8jiW75AXHx2NknDC4KZSrfZBfvIa3r9xwVMqbKzeJk2NL1WDk6Qdrg","UU3lz95UPhKJW1aS3_za6SuQ","759448519","2270000","1605","711489","40891","3156","gold","6.19","1.04","23716","1363","105","1:17","1:225","https://imagedelivery.net/0LpbCRndcZjwIKnq2dWrKQ/8950c02b-7417-48fe-e439-b8a3a4040600/public","https://imagedelivery.net/0LpbCRndcZjwIKnq2dWrKQ/23143bb3-cd90-4951-234b-3ae85c5f8200/public"
"UCkLNHZZsC3LKdUAroKNwOOw","CuRe êµ¬ë˜","We're the CuRe couple, the cure for happinessğŸ˜ŠğŸ‘‹


â­ï¸CuRe Inst ğŸ‘‰ğŸ» cure_9997
ğŸ“±CuRe Tiktok ğŸ‘‰ğŸ» cure0721
ğŸ’ŒCuRe E-mail ğŸ‘‰ğŸ» fkakqjqtk99@naver.com","@cure0721","2021-06-22 09:38:09.326770","https://yt3.ggpht.com/fi_rOiP7BWJIWqLTf6rpW93YLpXK38b8D70LDLvVUIcUr6cn7S3k5jBpTINs1b08QK5O1dknWQ=s88-c-k-c0x00ffffff-no-rj","[40]","#cure #couple @cure0721 #shorts #tiktok #korea funny #funnyvideo #cute #êµ¬ë˜ #êµ¬ë˜ì»¤í”Œ #ì»¤í”Œìœ íŠœë²„ #í•œêµ­ #í‹±í†¡ #curecouple comedy","https://yt3.googleusercontent.com/vNZw9DdR_9hLkNnE4Sy6eqEVhc9PLsYY-7O1AzjQXn4B7PbbwYA78GOJjhNR0xW7baxCRpUx_Ic","UUkLNHZZsC3LKdUAroKNwOOw","5974912667","8490000","381","268164544","11888423","47420","gold","4.45","105.29","8938818","396280","1580","1:22","1:5657","https://imagedelivery.net/0LpbCRndcZjwIKnq2dWrKQ/bcb0f9ed-3470-4e6e-9b33-0061bbd5e200/public",""
"UCg-p3lQIqmhh7gHpyaOmOiQ","ì˜êµ­ë‚¨ì Korean Englishman","ì•ˆë…•í•˜ì„¸ìš”! ì œ ì´ë¦„ì€ ì¡°ì‰¬ì´ê³ , ì €ëŠ” ì˜êµ­ë‚¨ìì˜ˆìš”. ì œ ì¹œí•œ ì¹œêµ¬ ì˜¬ë¦¬ì™€ ì˜ìƒ ë§Œë“¤ì–´ì„œ ë§¤ì£¼ ìˆ˜ìš”ì¼ ì €ë…ì— ì˜ìƒ ì˜¬ë ¤ìš”! ^^
Hello! This is Josh and Ollie, and we make videos in Korean and English, linking the two cultures and having fun along the way! We upload every Wednesday. 





ë³´ê³ ì‹¶ì€ ì˜ìƒ ì»¨ì…‰ ìˆìœ¼ë©´ ì˜ìƒ ì½”ë©˜íŠ¸ë¡œ, ì•„ë‹ˆë©´ ìš°ë¦¬ ì¸ìŠ¤íƒ€ê·¸ë¨ì´ë‚˜ í˜ë¶ ëŒ“ê¸€ë¡œ ì•Œë ¤ì£¼ì„¸ìš”! ì¬ë°Œê²Œ ë³´ì„¸ìš”!!  
ë¹„ì¦ˆë‹ˆìŠ¤ ë¬¸ì˜: jolly@thekitstudios.com

To contact us feel free to leave us a comment on one of our videos. 
For all business related inquiries please email us at business@koreanenglishman.com

Thank you!!","@koreanenglishman","2013-06-07 15:30:22","https://yt3.ggpht.com/ytc/AGIKgqMDhtXsSjCGxTr8ynWJhakBLOkMMHYtC6FJKELw3Q=s88-c-k-c0x00ffffff-no-rj","[46, 49]","","https://lh3.googleusercontent.com/QCtDdzH1ERu6NrSmy3nB3UFjzsHjZA6fFbgVmgWuBHS18pI06i3PyXry4s6x-hQE3GrI2OU21w","UUg-p3lQIqmhh7gHpyaOmOiQ","2024140776","5690000","541","51390688","1898911","60499","gold","3.81","30.11","1713022","63297","2016","1:27","1:849","https://imagedelivery.net/0LpbCRndcZjwIKnq2dWrKQ/a8c7b9a4-68d4-4378-f4fc-9f4e8ba71900/public","https://imagedelivery.net/0LpbCRndcZjwIKnq2dWrKQ/c0dee27c-adec-466b-7753-cbf58cd74400/public"
"UChbE5OZQ6dRHECsX0tEPEZQ","ì¥ì‚ì­ˆ","ë¹„ì¦ˆë‹ˆìŠ¤ ë¬¸ì˜: jangbbijju@metacomedy.net
ìŠ¤íŠœë””ì˜¤ì¥ì‚ì­ˆ ì§€ì›í•˜ê¸°: recruit@studiojbbj.com","@studio_jbbj","2014-06-11 14:17:44","https://yt3.ggpht.com/ytc/AGIKgqMg5awwEu4TCoE4L2iuRkVC1BEXPaGYnMcejZNgLA=s88-c-k-c0x00ffffff-no-rj","[40, 42]","","https://yt3.googleusercontent.com/j3m3RUhJDp8kVl_W2ougwTuLpaoqYRF2VqgkawzhtBSUEh8oXUTE_tLA7vAw7fGCVPrNMzagPg","UUhbE5OZQ6dRHECsX0tEPEZQ","1874011482","3580000","531","25531272","573216","13501","gold","2.3","23.77","851042","19107","450","1:44","1:1891","https://imagedelivery.net/0LpbCRndcZjwIKnq2dWrKQ/7f188d5f-97eb-4e3e-bf0b-8a7df33e9000/public",""
"UCsJ6RuBiTVWRX156FVbeaGg","ìŠˆì¹´ì›”ë“œ","ê²½ì œ, ê¸ˆìœµì„ ê¸°ë°˜ìœ¼ë¡œ ë‹¬ë¦¬ëŠ” ë°©ì†¡!
ì •ì¹˜ëŠ” ì•„ì£¼. ì „í˜€. ëŒ€ë‹¨íˆ. ëª¨ë¦…ë‹ˆë‹¤. 
ëˆ„êµ°ê°€ë¥¼ ë¹„íŒí•˜ê±°ë‚˜ ë¹„ë‚œí•˜ì§€ ì•Šë„ë¡ ë…¸ë ¥í•˜ê² ìŠµë‹ˆë‹¤.
ì‹¤ìˆ˜ê°€ ìˆë”ë¼ë„ ë„ˆê·¸ëŸ½ê³  ì¬ë¯¸ìˆê²Œ ë´ì£¼ì„¸ìš”.
ê°ì‚¬í•©ë‹ˆë‹¤.
ê°ì¢… ë¬¸ì˜ : syukaworld@sandbox.co.kr ìœ¼ë¡œ ë¶€íƒë“œë¦½ë‹ˆë‹¤.","@syukaworld","2015-04-25 03:34:03","https://yt3.ggpht.com/ytc/AGIKgqNKtkfO1lrs5HpdX9C1DBocLEZXp8z5VuFMSroxlg=s88-c-k-c0x00ffffff-no-rj","[56, 62]","ìŠˆì¹´ ê²½ì œ ì‹œì‚¬ ìƒì‹ í† í¬","https://yt3.googleusercontent.com/ad5OoGGexMhaZ3sT1YjIDCYbw_HcQnvFFkArA1LQEJVwrv-_PgbalL7YGBpt4-lemz28qMG4BA","UUsJ6RuBiTVWRX156FVbeaGg","732879240","2710000","1423","19556620","260307","37515","gold","1.52","24.05","651887","8676","1250","1:75","1:521","https://imagedelivery.net/0LpbCRndcZjwIKnq2dWrKQ/8bd03685-3127-49f5-3ad1-eca06934e100/public","https://imagedelivery.net/0LpbCRndcZjwIKnq2dWrKQ/ee9092df-2d76-4c92-9eaf-72288542ad00/public"
"UC1B6SalAoiJD7eHfMUA9QrA","ìˆë°•ìŠ¤","ì•ˆë…•í•˜ì„¸ìš” """"ìŠ¤ì¼€ì¹˜ì½”ë¯¸ë””"""" ì±„ë„ ìˆë°•ìŠ¤ì…ë‹ˆë‹¤

ëª¨ë“  ë¬¸ì˜ëŠ”  shortbox@metacomedy.net","@shortbox","2021-10-29 13:54:38.582195","https://yt3.ggpht.com/CC3lKLV6DIJabtrU96HjtyXK4f8ajDUwTvlApdYS8QA_HniNBX9h0ICqNEDbOZs6La7FRwWE=s88-c-k-c0x00ffffff-no-rj","[46]","","https://yt3.googleusercontent.com/qBPKJANz2Ft_ZijUd1RSSKPXGAs5siy_HvIDQ_HKmLCFAWMDVNHTtgnpCQHd7zwLk7A-_qB2ig","UU1B6SalAoiJD7eHfMUA9QrA","483341572","2570000","95","107804363","1437200","84654","gold","1.41","139.82","3593478","47906","2821","1:75","1:1273","https://imagedelivery.net/0LpbCRndcZjwIKnq2dWrKQ/0682ae79-f8e9-4e7b-76e2-12f4374de300/public","https://imagedelivery.net/0LpbCRndcZjwIKnq2dWrKQ/c1fe5d30-5b84-4389-a42a-7ce478465f00/public"
"UCGX5sP4ehBkihHwt5bs5wvg","í”¼ì‹ëŒ€í•™Psick Univ","ì½”ë¯¸ë”” ì¸ì¬ ìœ¡ì„± ë° ì—°êµ¬ì˜ ë©”ì¹´ í”¼ì‹ëŒ€í•™ 

âœ… í”¼ì‹ëŒ€í•™ ë¹„ì¦ˆë‹ˆìŠ¤ ë©”ì¼
psickuniv@metacomedy.net

âœ… í”¼ì‹ëŒ€í•™ ì‚¬ì„œí•¨
(04054) ì„œìš¸íŠ¹ë³„ì‹œ ë§ˆí¬êµ¬ ì™€ìš°ì‚°ë¡œ 29ê°€ê¸¸ 42, ë©”íƒ€ì½”ë¯¸ë””

âœ… í”¼ì‹ëŒ€í•™ êµ¿ì¦ˆ ìŠ¤í† ì–´
https://smartstore.naver.com/psickuniv","@psickuniv","2019-04-01 05:31:41","https://yt3.ggpht.com/ytc/AGIKgqOj0W1IqhXREkU5EjEyjvFFCxmMLBBskdGJXYXl=s88-c-k-c0x00ffffff-no-rj","[40, 42]","","https://yt3.googleusercontent.com/axVIHAKIyKFEi56OxDHTsPq1Qqq40jyx-1JJvoarvQI1U9hVUf-IJHqeY_qPfL9ZXJMSep8r","UUGX5sP4ehBkihHwt5bs5wvg","929238861","2150000","959","14863358","348396","14583","gold","2.44","23.04","495445","11613","486","1:42","1:1019","https://imagedelivery.net/0LpbCRndcZjwIKnq2dWrKQ/505472da-a8a4-4537-0d8e-800fd9200900/public",""
"UCq-NPoQsxpkdu5n2-BF5TCw","í‡´ê²½ì•„ ì•½ë¨¹ì","Go Toe Kyung / South Korea / Pharmacist / Youtuber

Facebook : https://www.facebook.com/xhlrud
Twitter : https://twitter.com/xhlrud
Instagram : https://www.instagram.com/gotoegram/

Thank you for everyone who watch my video.","@gotoe","2015-01-07 08:20:31","https://yt3.ggpht.com/ytc/AGIKgqMTQ79PmLb98Po_fKqlQGXgEBUZwFsXoGMf2OaF0A=s88-c-k-c0x00ffffff-no-rj","[1, 9, 11, 40, 43]","ì¼€ì´íŒ KPOP GoToe ê³ í‡´ê²½ í‡´ê²½ì•„ì•½ë¨¹ì","https://lh3.googleusercontent.com/DnkPLZBFZo_ieP08ZYMJ_M-PKrmpXI1Of6vxIXRPGBFVHYOq96ZSB552lhMDdi7PjzOFMgeWyLk","UUq-NPoQsxpkdu5n2-BF5TCw","363041605","1970000","705","6477854","199923","11925","gold","3.27","10.96","215928","6664","397","1:32","1:543","https://imagedelivery.net/0LpbCRndcZjwIKnq2dWrKQ/5cf7d90d-f685-4a41-9148-06cec42b6600/public","https://imagedelivery.net/0LpbCRndcZjwIKnq2dWrKQ/85738175-2dc9-49b6-b1a0-ed1a3ac3e400/public"
"UCiwQRG2sCcfjKkgxMEdJGPg","ì— ëšœë£¨ë§ˆëšœë£¨ : MBC ê³µì‹ ì¢…í•© ì±„ë„","MBCì˜ ğŸ”¥HOTğŸ”¥í•œ ì˜ìƒì„ 
ë‚´ë§˜ëŒ€ë¡œã…¡ í¸í•˜ê²Œã…¡ ! 
íœ˜ëšœë£¨ ë§ˆëšœë£¨ ì¦ê¸¸ ìˆ˜ ìˆëŠ” ì±„ë„!
á••( á› )á•—  ì— ëšœë£¨ë§ˆëšœë£¨ á••( á› )á•—","@mbc_officialchannel","2020-09-21 05:14:01.912391","https://yt3.ggpht.com/ytc/AGIKgqPOreSbM4cigQQzxQSXgLcr9tuG4L2pKfRzY9Vl=s88-c-k-c0x00ffffff-no-rj","[40, 42, 45]","ì— ëšœë£¨ë§ˆëšœë£¨","https://yt3.googleusercontent.com/KZq6v5ZcA61bhkd95qnUmf237GF8qRsbuJdZG2xFJsw1mx7S4bFfRkfjeENje9uziLudE4Yiuw","UUiwQRG2sCcfjKkgxMEdJGPg","3337770011","1900000","5846","1754333","15933","1144","gold","0.97","3.08","58477","531","38","1:110","1:1538","https://imagedelivery.net/0LpbCRndcZjwIKnq2dWrKQ/4c16f526-79f3-4292-898b-0d1477a07a00/public","https://imagedelivery.net/0LpbCRndcZjwIKnq2dWrKQ/6b6c3708-012a-4de6-e0b9-551b61394f00/public"
"UC9ZLv1m7QDLv991X1-p50AA","ë³´ë¬¼ì„¬","ì•„ë£¡í•˜ì„¸ìš”~~ í—ˆì‡ğŸ‘‹ğŸ» ë§¤ë²ˆ ë‹¤ì–‘í•˜ê³  ìƒˆë¡œìš´ ì›ƒìŒì„ ì‹œë„í•˜ëŠ” ì‚¼ì¸ì¡° ìœ ë¨¸ í¬ë¦¬ì—ì´í„° ğŸë³´ë¬¼ì„¬ğŸì…ë‹ˆë‹¤ğŸ˜œ

Hellow~~ huh itğŸ‘‹ğŸ» We are three-member humor creator ğŸTreasure IslandğŸ who always tries various and new laughğŸ˜œ

ë¹„ì¦ˆë‹ˆìŠ¤ ë¬¸ì˜ ğŸ“© : bomulsum@sandbox.co.kr","@bomulsum_g","2012-11-14 13:37:53","https://yt3.ggpht.com/YzeHf0KXn6poEyGDl3gFXe329ZzwwsuyxSHlSshk4RR4D15x5vs9wFFXeRHptmFRB9Pf8OnnOFI=s88-c-k-c0x00ffffff-no-rj","[40, 42, 46]","ë³´ë¬¼ì„¬ ê°œê·¸ìœ íŠœë²„ ê°œê·¸ì±„ë„ ì½”ë¯¸ë”” ì½”ë¯¸ë””ì±„ë„ ì˜ˆëŠ¥ ì°¸êµìœ¡ ëª°ì¹´ ëª°ë˜ì¹´ë©”ë¼ ì½©íŠ¸ ê½íŠ¸ ê°œê·¸ ì›ƒìŒ ì¦ê±°ì›€ ê°œê·¸ìœ íŠœë¸Œ ì½”ë¯¸ë””ìœ íŠœë¸Œ","https://yt3.googleusercontent.com/6gik6f5ETlnzsK78xZsEEtCl13KIlaiyKZVWbaSaR5qNXf4mzSVmF-0gf4JN4ewG203Ls0f0wrU","UU9ZLv1m7QDLv991X1-p50AA","1545690860","1770000","626","11091575","190414","8252","gold","1.79","20.89","369719","6347","275","1:58","1:1344","https://imagedelivery.net/0LpbCRndcZjwIKnq2dWrKQ/23273945-054c-4520-b862-f5cebd524200/public",""
"UCmLiSrat4HW2k07ahKEJo4w","í¬ë¦¼íˆì–´ë¡œì¦ˆ","ì•ˆë…•í•˜ì„¸ìš”. í¬ë¦¼íˆì–´ë¡œì¦ˆì…ë‹ˆë‹¤. 
ê³ ì–‘ì´ì™€ í•¨ê»˜ ê·€ì—½ê³  ë”°ëœ»í•œ ì„¸ìƒì„ ë§Œë“¤ì–´ ê°€ê³  ì‹¶ì–´ìš”.","@creamheros","2017-01-17 06:01:38","https://yt3.ggpht.com/NYqzhjbY6EYcolCeLPgieC1Kj4p40ihw37blsuucCMN1M8ow6t0jg97frhDNZjesv4p6-5N8=s88-c-k-c0x00ffffff-no-rj","[46, 51]","","https://lh3.googleusercontent.com/5q_zhj4Vk_MzsE1Vzz0EJA9Tj5mdnuRMU7xYyKHeUUNsekKS_qDiNRBl55TD0jPeLzmPaYV5nTY","UUmLiSrat4HW2k07ahKEJo4w","1641517239","3780000","1087","9681416","0","2652","gold","0.03","8.54","322713","0","88","","1:3667","https://imagedelivery.net/0LpbCRndcZjwIKnq2dWrKQ/b8d46bb2-a77d-46cc-925d-005dc35d3900/public","https://imagedelivery.net/0LpbCRndcZjwIKnq2dWrKQ/9b888c6c-d9b8-4c5c-29a1-b68f75edb900/public"
"UCwcsDWGip6vtiZyCnvDoClQ","Kittisaurus","","@kittisaurus","2019-10-04 08:41:18","https://yt3.ggpht.com/ytc/AGIKgqMurU9avs7fsV7xN28KyZxzXNEEp1fZIHw5dY4VMA=s88-c-k-c0x00ffffff-no-rj","[46, 51]","cat kitty kitten ""cat logic"" ""cat fail"" ""claire luvcat"" ""funny cat"" compilation ""tom and jerry"" kittisaurus challenge vs react prank TT COCO MOMO CHUCHU LULU LALA DD DODO TOTO NANA","https://yt3.googleusercontent.com/aaU1dOXXbQh8UQhvsQxrBaJ3o25CsDzyjKVTY5yWZE8n6zQa4az2lo4GvbIAaEwedGDD-igJtgE","UUwcsDWGip6vtiZyCnvDoClQ","596076472","2840000","178","28546675","791307","31750","gold","2.88","33.51","951555","26376","1058","1:36","1:899","https://imagedelivery.net/0LpbCRndcZjwIKnq2dWrKQ/b0096679-f928-4ca5-cd98-d61544e8fb00/public","https://imagedelivery.net/0LpbCRndcZjwIKnq2dWrKQ/d743802f-f76d-4adf-bb02-3cda7fd7c800/public"
"UC3PSZivQbIegrfavj4fmgQQ","[THE SOY]ë£¨íì´ë„¤","ì•ˆë…•í•˜ì„¸ìš”
ìŒˆë°”ìš”ì • ë£¨ë””ì”¨ì™€ ì˜­ì˜­ìŸì´ íí‚¤ì˜ ìœ íŠœë¸Œì±„ë„ì…ë‹ˆë‹¤.

ë£¨ë”” RUDY (female) / 3.8kg / Pomeranian / Birthdate: 2015/03/10
íí‚¤ PONGKI (female) / 1.6kg / Pomeranian / Birthdate: 2015/05/28




THE SOY store- https://smartstore.naver.com/thesoy

Instagram- https://www.instagram.com/thesoy_yoonso/

Facebook- https://www.facebook.com/thesoythesoythesoy","@rupong","2017-10-11 07:44:33","https://yt3.ggpht.com/ytc/AGIKgqOI4adUHBAD-rbEx1km4-V9A_g-TLtt7K_7h8FX9A=s88-c-k-c0x00ffffff-no-rj","[46, 51]","í¬ë©”ê³°ëŒì´ì»· í¼í”¼ì¸  ê°•ì•„ì§€ì§–ëŠ”ì†Œë¦¬ ê°•ì•„ì§€ìœ íŠœë²„ ê°•ì•„ì§€ìœ íŠœë¸Œ ë”ì†Œì´ í¬ë©” pom íí‚¤ ë£¨ë”” ê°•ì•„ì§€ë¯¸ìš© í¬ë©”ë¯¸ìš© í™”ì´íŠ¸í¬ë©” ë©ë©ì´ ë°˜ë ¤ê²¬ í« PET DOG ê°•ì•„ì§€ì• êµ ê°•ì•„ì§€í›ˆë ¨ ê°œë¦°ì´ ê°•ì•„ì§€ê°„ì‹ í¬ë©”ë¦¬ì•ˆ í¬ë©”ë¼ë‹ˆì•ˆ í¬ë©”ë¼ì´ì–¸ í¬ë©”ë¦¬ì•„","https://yt3.googleusercontent.com/OF-FRFAvH9gWmp-GleEd6-6agrqmnWoDK0df7cj0JvBWSqc3aZlMH7TLFNWkTtDNVDAzD5c0bQ","UU3PSZivQbIegrfavj4fmgQQ","846554842","2140000","551","12705742","427483","22040","gold","3.54","19.79","423524","14249","734","1:29","1:577","https://imagedelivery.net/0LpbCRndcZjwIKnq2dWrKQ/84354b56-f96c-4149-f70b-88df6881e300/public","https://imagedelivery.net/0LpbCRndcZjwIKnq2dWrKQ/a4efcb9b-3eab-40f4-7b46-cbc3008eb700/public"
"UCLsj_Re3SxtkbZfX_ypY1eQ","ìˆ˜ë¦¬ë…¸ì„SuriNoel","ìˆ˜ë¦¬ë…¸ì„ ê³ ì–‘ì´ ê°€ì¡±ì˜ ì´ì•¼ê¸° Story of SuriNoel cat family

ë…¸ì„ : ì•„ë¹ ëƒ¥. 2012ë…„ 7ì›”ìƒ/ ìŠ¤ì½”í‹°ì‰¬í´ë“œ   Noel - Dad , born in 2012.7 , scottish fold
ìˆ˜ë¦¬ : ì—„ë§ˆëƒ¥. 2012ë…„ 9ì›”ìƒ/ìŠ¤ì½”í‹°ì‰¬ ìŠ¤íŠ¸ë ˆì´íŠ¸  Suri - Mom , born in 2012.9 , scottish straight
ë¼ì˜¨ : ì²«ì§¸ë”¸. 2015ë…„ 3ì›”ìƒ/ ìŠ¤ì½”í‹°ì‰¬í´ë“œ Raon - First Daughter, born in 2015.3 , scottish fold
ì´ì¦ˆ : ë‘˜ì§¸ì•„ë“¤. 2015ë…„ 3ì›”ìƒ/ ìŠ¤ì½”í‹°ì‰¬í´ë“œ Iz - Second Son, born in 2015.3 , scottish fold
ì†Œìš¸ : ë§‰ë‚´ì•„ë“¤. 2015ë…„ 3ì›”ìƒ/ìŠ¤ì½”í‹°ì‰¬ ìŠ¤íŠ¸ë ˆì´íŠ¸ Soul- Last Son, born in 2015.3 , scottish straight

ë‚¨ì§‘ì‚¬+ì—¬ì§‘ì‚¬+ì•„ê¸°ì§‘ì‚¬ ì´ 3ëª…ì˜ ì§‘ì‚¬ê°€ ì–¹í˜€ì‚´ê³ ìˆìŒ.
Male Butler + Female Butler + Baby Butler ,  Total 3 Butlers live off Surinoel cat family.","@surinoel","2010-11-22 04:27:14","https://yt3.ggpht.com/ytc/AGIKgqN9sg6j8ozR0zPo75oi-L_IsHYt9txq3AyV_We-ifI=s88-c-k-c0x00ffffff-no-rj","[46, 51]","scottish fold cat cats kitten ã­ã“ ã‚¹ã‚³ãƒ†ã‚£ãƒƒã‚·ãƒ¥ãƒ•ã‚©ãƒ¼ãƒ«ãƒ‰ ê³ ì–‘ì´ suri noel funny","https://yt3.googleusercontent.com/Eqbpz-X5thH2D9McbFlqUcuREMUSurSWqwY6m20TASoR15uy1_8y9WCOhlVWsIXXe4pSW5iUFQ","UULsj_Re3SxtkbZfX_ypY1eQ","828584402","2130000","1210","3785611","72393","4058","gold","2.02","5.92","126187","2413","135","1:52","1:934","https://imagedelivery.net/0LpbCRndcZjwIKnq2dWrKQ/74157357-9ede-4adf-58e5-8565d1b34b00/public",""
"UCP1CQH2PVJv4-glNTuVJl3g","ë°€í‚¤ë³µì´íƒ„ì´MilkyBokiTan","â–¶ í”„ë¡œí•„
ë¬˜ì¢… : ë…¸ë¥´ì›¨ì´ ìˆ² ê³ ì–‘ì´
ì´ë¦„ : ê´‘ë³µì´
ì„±ë³„ : ìˆ˜ì»·
ìƒë…„ì›”ì¼ : 2018.08.15 

â–¶ í”„ë¡œí•„
ê²¬ì¢… : ì‚¬ëª¨ì˜ˆë“œ 
ì´ë¦„ : ë°€í‚¤
ì„±ë³„ : ìˆ˜ì»·
ìƒë…„ì›”ì¼ : 2018.12.03

â–¶ í”„ë¡œí•„
ë¬˜ì¢… : ê¸¸ê³ ì–‘ì´(êµ¬ì¡°ë¬˜,ì½”ë¦¬ì•ˆ ìˆí—¤ì–´) 
ì´ë¦„ : íƒ„ì´
ì„±ë³„ : ìˆ˜ì»·
ìƒë…„ì›”ì¼ : 2020ë…„ 4ì›” ë§ ì¶”ì •

----------------------------------------------------------------

â–¶ Profile
Name :  Gwang Bok
Type : Norwegian Forest
Sex : male
Birth : 15 Aug 2018

â–¶ Profile
Name : Milky
Type :  Samoyed
Sex : male
Birth :  3 Dec 2018

â–¶ Profile
Name : Tan
Type :  Ginger Domestic Shorthair
Sex : male
Birth :  Late April, 2020(estimate)
 
--------------------------------------------

â–¶Profile
Nombre : Gwang Bok
Tipo : Bosque de Noruega
Sexo : Masculino
Nacimiento : 15. 08 .2018

â–¶Profile
Nombre : Milky
Tipo : Samoyedo
Sexo : Masculino
Nacimiento : 03. 12. 2018 

â–¶Profile
Nombre : Tan
Tipo : Gato callejero(rescatado) 
Sexo : Masculino
Nacimiento : Finales de Abril, 2020



Instagram : https://www.instagram.com/milkyboki/

ë¹„ì§€ë‹ˆìŠ¤ ë¬¸ì˜ëŠ” milkybok2@sandbox.co.kr ë¡œ ë‚¨ê²¨ì£¼ì‹œë©´ ê°ì‚¬í•˜ê² ìŠµë‹ˆë‹¤.
ì†Œì†íšŒì‚¬ë¡œ ì „ì†¡ë˜ê¸°ë•Œë¬¸ì— ê°œì¸ì ì¸ ë¬¸ì˜ëŠ” ëŒ“ê¸€ë¡œ ë¶€íƒë“œë¦´ê²Œìš”^^","@milkybokitan6437","2018-11-30 14:27:58","https://yt3.ggpht.com/zyXNGFCO4xxchNr8TJbk8UTSeBEinbfM3KHhhwxilB8I3O9oIOz2c9BtlGSQmMrMiSxe5pAe9Q=s88-c-k-c0x00ffffff-no-rj","[46, 51]","ë°€í‚¤ë³µì´íƒ„ì´;MilkyBokiTan;ê°•ì•„ì§€;ê³ ì–‘ì´;ì‚¬ëª¨ì˜ˆë“œ;ë™ë¬¼;","https://yt3.googleusercontent.com/bE2M5H0bbRUW_umjABAtNVwN0ENh0O3zRV5RGlgArUIeWOaAEmpYHp9dWH5runMT-Jr1OfPG6Q","UUP1CQH2PVJv4-glNTuVJl3g","758160135","2060000","593","10275178","299553","10515","gold","3.02","16.63","342505","9985","350","1:34","1:978","https://imagedelivery.net/0LpbCRndcZjwIKnq2dWrKQ/d6c94a47-ff17-4ebe-1668-1df97f04d100/public","https://imagedelivery.net/0LpbCRndcZjwIKnq2dWrKQ/7df9b3b9-6fad-443b-c70f-42115223d700/public"
"UCij19II32Olbu8_vghmYNCA","ìŠˆì•¤íŠ¸ë¦¬ SHU AND TREE","ì•ˆë…•í•˜ì„¸ìš”:)

ìŠˆì™€ ë‚˜ë¬´ì˜ í‰ë²”í•˜ì§€ë§Œ íŠ¹ë³„í•œ í•˜ë£¨í•˜ë£¨ë¥¼ 
ê¸°ë¡ í•˜ê³  ìˆëŠ” ìŠˆì•¤íŠ¸ë¦¬TV ì…ë‹ˆë‹¤.

ì•ìœ¼ë¡œ ìŠˆë‚˜ë¬´ì™€ í•¨ê»˜ í–‰ë³µí•œ ì¼ìƒ
ê¸°ëŒ€í•´ ì£¼ì„¸ìš”!

ë„ˆì—ê²Œ ì£¼ëŠ” ì‘ì€ ì„ ë¬¼
SHU AND TREE

í”„ë¡œí•„(profile)

*ì²«ì§¸*

- ì´ë¦„ : ìŠˆ / SHU   
- ê²¬ì¢… : ë¯¸ë””ì—„ í‘¸ë“¤ / MEDIUM POODLE
- ì„±ë³„ : ì—¬
- ìƒì¼ : 14. 06. 05
- íŠ¹ì§• : ë©ì²­ë¯¸, ë½€ë½€ìŸì´

*ë‘˜ì§¸*

- ì´ë¦„ : ë‚˜ë¬´ / NAMOO (TREE)   
- ê²¬ì¢… : íŒŒí‹° í‘¸ë“¤ / PARTI POODLE
- ì„±ë³„ : ë‚¨
- ìƒì¼ : 17. 03. 04
- íŠ¹ì§• : ê¹ì£½, ê³µì§‘ì°©","@shuandtree_","2018-07-21 02:56:42","https://yt3.ggpht.com/ytc/AGIKgqPr5FrF0bmS5ZgS8R1chm8tPtJoq5mgkFJSwgbkNA=s88-c-k-c0x00ffffff-no-rj","[46, 51]","ê°•ì•„ì§€ ë°˜ë ¤ê²¬ pet dog puppy","https://yt3.googleusercontent.com/av2E6HSX0glc01dEpgKqdgk3ikfS5sd-Bi_wH2rF3-Gb91rc1nytYFOKrLIpTsb4Oc6BZ6u9","UUij19II32Olbu8_vghmYNCA","448066074","1820000","573","25266558","1138670","8471","gold","4.54","46.28","842218","37955","282","1:22","1:2986","https://imagedelivery.net/0LpbCRndcZjwIKnq2dWrKQ/88d81ff9-979e-43ba-afda-f8e207c5d500/public","https://imagedelivery.net/0LpbCRndcZjwIKnq2dWrKQ/15b970eb-aa50-47a6-cf32-91f478bddd00/public"
"UCee1MvXr6E8qC_d2WEYTU5g","ê°•í˜•ìš±ì˜ ë³´ë“¬TV","ì €í¬ ì±„ë„ê³¼ í•¨ê»˜ ê°•ì•„ì§€ í‚¤ì›Œë´…ì‹œë‹¤ğŸ¶

ğŸ¾êµ¬ë…ì ì‚¬ì—° ì ‘ìˆ˜: https://forms.gle/YNqGE6j3PtWNzKEu9
ğŸ¾ë¹„ì¦ˆë‹ˆìŠ¤ ë¬¸ì˜ : bodeum@episodegroup.kr 
ğŸ¾ì¸ìŠ¤íƒ€ê·¸ë¨ : @hunter.kang 

ğŸ“Œ ë³´ë“¬êµìœ¡ https://www.bodeum.co.kr/
ğŸ“Œ ë³´ë“¬ìˆ https://ppz.kr/","@bodeumofficial","2016-12-13 05:56:37","https://yt3.ggpht.com/fqO8xV1PmP5bXJEneJ0gyJk010W7t1CW9is-W9arQ-c3muDAq1-ZhA7XNb574sIWpT1q7KnD8w=s88-c-k-c0x00ffffff-no-rj","[46, 51]","ë³´ë“¬ ê°•í˜•ìš± ë°˜ë ¤ê²¬ ê°•ì•„ì§€ ì„¸ìƒì—ë‚˜ìœê°œëŠ”ì—†ë‹¤ ì„¸ë‚˜ê°œ ê°œí›Œë¥­ ê°œëŠ”í›Œë¥­í•˜ë‹¤ ""Korean Dog Trainer"" ""Kang Hyong Wook"" ë³´ë“¬ì»´í¼ë‹ˆ ë³´ë“¬êµìœ¡ ""ê°•í˜•ìš± í›ˆë ¨ì‚¬"" ë§ˆë¯¸ìˆ˜ì” ë³´ë“¬TV","https://yt3.googleusercontent.com/Nuvq49ZWKEzBgKswUqsqk4IxwrdkhtPlUw7VnyUXzJeeyqLLGOwtvy99Lp8Wv7KfbkG6c9Ckkp0","UUee1MvXr6E8qC_d2WEYTU5g","486552613","1760000","824","45666561","1078534","28152","gold","2.42","86.49","1522218","35951","938","1:42","1:1622","https://imagedelivery.net/0LpbCRndcZjwIKnq2dWrKQ/2c91588a-6bb2-4bb6-a89a-80fc651bca00/public","https://imagedelivery.net/0LpbCRndcZjwIKnq2dWrKQ/27c10f9a-9c80-4d1b-ddd9-f3ec9e4a0f00/public"
"UCkuA_gDjISfGgbdp02BUwyQ","í¬ì§‘ì‚¬","ì•ˆëƒ¥! í¬ì§‘ì‚¬ ì…ë‹ˆë‹¤. 
ì–´ì©Œë‹¤ ë³´ë‹ˆ ì—´ ë§ˆë¦¬ ê³ ì–‘ì´ì™€ í•¨ê»˜ ì‚´ê³  ìˆì–´ìš”. 

ì²˜ìŒ ì±„ë„ì„ ë§Œë“¤ê³  ì˜ìƒì„ ì°ê¸° ì‹œì‘í–ˆì„ ë•  
ìš°ë¦¬ ëª¨ë‘ì˜ ì‚¶ì—ëŠ” ë”°ëœ»í•¨ìœ¼ë¡œ ê°€ë“í•œ ê³ ì–‘ì´ê°€ í•„ìš”í•˜ë‹¤ê³  ìƒê°í–ˆì–´ìš”. 
ì œê°€ ë§Œë“  ì˜ìƒë“¤ì´, 
ì €ì™€ ìš°ë¦¬ ì•¼ì˜¹ì´ë“¤ì˜ ìƒí™œì„ ê³µìœ í•˜ëŠ” ê²ƒì´ ëˆ„êµ°ê°€ì—ê²ŒëŠ” ìœ„ë¡œê°€ ë  ê±°ë¼ê³  ë¯¿ì—ˆìŠµë‹ˆë‹¤. 

ê·¸ë¦¬ê³  ì±„ë„ì„ ìš´ì˜í•˜ë©´ì„œ ë§ì€ ë¶„ë“¤ë¡œë¶€í„° ë©”ì„¸ì§€ë¥¼ ë°›ì•˜ì–´ìš”. 
ë‚˜ì˜ í•˜ë£¨ë¥¼ ìˆê²Œ í•˜ëŠ” ì˜ìƒ, ë„ˆë¬´ë‚˜ë„ ê³ ë§ˆì›Œìš”. ë¼ê³  

ì €ì˜ ë¯¿ìŒê³¼, ê³ ì–‘ì´ë“¤ì˜ ë”°ìŠ¤í•¨ ê·¸ë¦¬ê³  ì—¬ëŸ¬ë¶„ì´ ë³´ë‚´ì£¼ëŠ” ë©”ì‹œì§€ê°€ 
ì´ ì±„ë„ì„ ê³„ì†í•  ìˆ˜ ìˆëŠ” ì›ë™ë ¥ì…ë‹ˆë‹¤. 

ê·¸ë¦¬ê³  í‹°í‹°ê°€ ì‹ ë¶€ì „ ì§„ë‹¨ì„ ë°›ê³ ë‚˜ì„œ
ì €ì—ê² ë˜ ë‹¤ë¥¸ ëª©í‘œê°€ ìƒê²¼ì–´ìš”. 

í‹°í‹°ê°€ ë³´ë‹¤ í–‰ë³µí•˜ê²Œ í•˜ë£¨ë¥¼ ë³´ë‚¼ ìˆ˜ ìˆëŠ” ë°©ë²•ì„ ì°¾ì!
í‹°í‹°ì²˜ëŸ¼ ì•„í”ˆ ë…€ì„ë“¤ì´ ìˆë‹¤ë©´ í•¨ê»˜ ê±´ê°•í•œ í•˜ë£¨ë¥¼ ë³´ë‚¼ ìˆ˜ ìˆê²Œ í•˜ì! 
ê·¸ ë™ì•ˆ ë§ì€ ì‚¬ëŒë“¤ì˜ ì‚¶ì— ìœ„ë¡œë¥¼ ë³´ë‚´ì¤€ ì•¼ì˜¹ì´ë“¤ì„ ìœ„í•´ ë°©ë²•ì„ ì°¾ì•„ë³´ì. 

ê·¸ë¦¬ê³  ì—¬ëŸ¬ë¶„ì˜ ì‘ì›ìœ¼ë¡œ 
ëŠë¦¬ì§€ë§Œ í•œ ê±¸ìŒì”© ì•ìœ¼ë¡œ ë‚˜ì•„ê°€ê³  ìˆìŠµë‹ˆë‹¤.","@claire_luvcat","2017-03-23 01:59:54","https://yt3.ggpht.com/Hzxh-NvFjqrZ34knnUfdtqdMbCMuyM-kIaYyPQiwWvkL2jeGbdzL38OUHYys6i0xpdpErBTMFg=s88-c-k-c0x00ffffff-no-rj","[46, 51]","ê³ ì–‘ì´ ë¼ë””ì˜¤ ë£¨ë£¨ ë¼ë¼ ë””ë”” ì½”ì½” ëª¨ëª¨ í‹°í‹° ì¸„ì¸„ ë¼ì´ë¸Œ í¬ì§‘ì‚¬ ë¼ì´ë¸ŒìŠ¤íŠ¸ë¦¬ë° Kittisaurus í‚¤í‹°ì‚¬ìš°ëŸ¬ìŠ¤ ""tom and jerry"" ""ë¼ì´ë¸Œ ìš”ë¦¬"" ""ê³ ì–‘ì´ ëŒë³´ê¸°"" ""ì›ƒê¸´ ê³ ì–‘ì´"" ìƒˆë¼ê³ ì–‘ì´ ë™ë¬¼ì˜ìˆ² ì•¼ì˜¹ì„¬ í¬ì§‘ì‚¬ë¼ë””ì˜¤ ì•¼ì˜¹ì„¬ë¼ë””ì˜¤ í‚¤í‹°ì‚¬ìš°ë£¨ìŠ¤ í¬ë§í¬ ì•¼ì˜¹ì„¬ ê°€í•„ë“œ ""claire luvcat"" í¬ì–¸ë‹ˆ ìŠˆë°•ìƒ¤ë² íŠ¸ ê³ ì–‘ì´ë¼ì´ë¸Œ í–‰ë³µí•˜ë‹¤ë©´ì•¼ì˜¹í•´ å¹¸ã›ãªã‚‰ãƒ‹ãƒ£ãƒ³ã£ã¦é³´ã“ã† ì•¼ì˜¹ë¡œê·¸","https://yt3.googleusercontent.com/yKAqRQUSo6qtTsDhpfckYsOWOpwY4lJmPu6Q2rA5HYZ9_WOEH9z_9xmgIWOjabsu3LFEfP76Yg","UUkuA_gDjISfGgbdp02BUwyQ","367673078","1380000","664","5658449","259355","9949","gold","4.76","13.67","188614","8645","331","1:21","1:569","https://imagedelivery.net/0LpbCRndcZjwIKnq2dWrKQ/6c52d3f3-7801-49c4-0c1c-96977f505d00/public","https://imagedelivery.net/0LpbCRndcZjwIKnq2dWrKQ/702801d2-d921-4fd4-8945-cbcdb34ebb00/public"
"UC9qVIyKKwLRV00TL2MFQdzQ","ì œë°œë¼ë¼ PleaseBee","ë¬¸ì˜ : ì¸ìŠ¤íƒ€ê·¸ë¨
https://www.instagram.com/pleasebeefly/

ë™ë¬¼, ê³¤ì¶©ë“¤ê³¼ ì¹œêµ¬ê°€ ë˜ëŠ” ê³¼ì •ì„ ë‹´ì€ ì±„ë„ì…ë‹ˆë‹¤. (ëª¨ê¸° ë° í•´ì¶© ì œì™¸)","@pleasebee","2013-03-03 10:53:23","https://yt3.ggpht.com/ytc/AGIKgqONNcDBBN0n7CThvW4HpurzMmcoF5joG0XHGVRM=s88-c-k-c0x00ffffff-no-rj","[46]","ì œë°œë¼ë¼ ë ˆì¸ì§€ ì œë°œë˜ë¼ ë§ë²Œ í˜¸ë°•ë²Œ ë“±ê²€ì€ë§ë²Œ í˜¸ë°•ì´ ìˆ˜ë°•ì´ ë²Œí‚¤ìš°ê¸° ë§ë²Œí‚¤ìš°ê¸° í˜¸ë°•ë²Œí‚¤ìš°ê¸° ê³¤ì¶©í‚¤ìš°ê¸° ""please be"" ë™ë¬¼í‚¤ìš°ê¸° ë™ë¬¼ RANGE bee wasp ""carpenter bee"" bumblebee ""the process of making friends"" watermelon pumppkin pleasebee ""please bee"" ë™ë¬¼ì¹œêµ¬ ì¹œêµ¬ê°€ë˜ëŠ”ê³¼ì •","https://yt3.googleusercontent.com/gntwzFp188PlJREv4jjTH0mNW4wIHjBIXOR7F6NNr6oHyLAYfVZCgXKQBxvkCLUGbuyqdEK5wQ","UU9qVIyKKwLRV00TL2MFQdzQ","369309759","1310000","246","14405821","170852","16441","gold","1.3","36.66","480194","5695","548","1:84","1:876","https://imagedelivery.net/0LpbCRndcZjwIKnq2dWrKQ/68843898-90e1-4a85-fd79-b278bb56b600/public","https://imagedelivery.net/0LpbCRndcZjwIKnq2dWrKQ/0ae28c5d-af21-47f8-a443-57c66e35cf00/public"
"UCOv1v2iptqYMVEwLAIUOhPw","ì •ë¸Œë¥´","ì „ ì„¸ê³„ì— ì‚´ì•„ê°€ëŠ” ë‹¤ì–‘í•œ ì´ìƒ‰ë™ë¬¼ë“¤ì„ ì†Œê°œí•˜ê³  ìˆìŠµë‹ˆë‹¤! ìì—°ì†ìœ¼ë¡œ í•¨ê»˜ ê°€ì‹œì£ !

ë¸Œë¥´ê°€ ì¶”ì²œí•˜ëŠ” ì´ìƒ‰ë™ë¬¼ìƒµ â˜†ê³¤ì¶©í•˜ëª¨ë‹ˆâ˜†
â–¶ì£¼ì†Œ : ê²½ê¸°ë„ ì„±ë‚¨ì‹œ ë¶„ë‹¹êµ¬ ì•¼íƒ‘ë™ 361-3ë²ˆì§€ ê¸ˆíƒ‘í”„ë¼ì2ì¸µ 
â–¶ì‡¼í•‘ëª° : www.insectharmony.net 
â–¶ê´‘ê³ &ë¬¸ì˜ :korearnt888@naver.com
â–¶ ì¹´ì¹´ì˜¤í†¡ í”ŒëŸ¬ìŠ¤ ì¹œêµ¬  : ê³¤ì¶©í•˜ëª¨ë‹ˆ
â–¶ì¸ìŠ¤íƒ€ê·¸ë¨ : jung_brre","@jung_brre","2015-12-26 09:56:52","https://yt3.ggpht.com/ytc/AGIKgqNLIFKFFFN-0p9LdKFH04Zn3E36hWQYCBWS5LWMRg=s88-c-k-c0x00ffffff-no-rj","[46, 50, 51]","","https://lh3.googleusercontent.com/FJHTC-iom9C_eT1OsWoTWqIjdd3FQhJnIFUZW4BwceDNyN8BKQLXdCa-penPLjcw_44xyDVx","UUOv1v2iptqYMVEwLAIUOhPw","692481354","1300000","1940","5784186","65199","4818","gold","1.21","14.83","192806","2173","160","1:88","1:1205","https://imagedelivery.net/0LpbCRndcZjwIKnq2dWrKQ/77a22d28-1b9a-487b-ea66-9488cbbdfd00/public","https://imagedelivery.net/0LpbCRndcZjwIKnq2dWrKQ/1a325be1-2e8a-48f4-1a50-2464fd81f200/public"
"UCOp66Vup07X0YziXaaxqs2A","haha ha","","@hahahayoutube","2015-10-12 10:02:40","https://yt3.ggpht.com/ytc/AGIKgqPu5x89LNCCc9lSn__XMw-Cj41ng1NQ4f7562UNnQ=s88-c-k-c0x00ffffff-no-rj","[46, 51]","ë™ë¬¼ ê³ ì–‘ì´ hahaha cat dog","https://lh3.googleusercontent.com/3ncoUHysjmhhFsOR-5G040GrXtBoZVrIPVVtDPWUZh5S50VyT_pMYaYZ2TxDL0SnokAISBUk-w","UUOp66Vup07X0YziXaaxqs2A","487154032","1210000","614","6758316","328891","20327","gold","5.17","18.62","225277","10963","677","1:20","1:332","https://imagedelivery.net/0LpbCRndcZjwIKnq2dWrKQ/bc0e962f-296f-4e88-0084-2a061cf95b00/public","https://imagedelivery.net/0LpbCRndcZjwIKnq2dWrKQ/7c7daa6a-96ab-49b1-9214-b860b6e41800/public"
"UCAhKKbDO9-ymWZ_7iAFLBQQ","KBSë™ë¬¼í‹°ë¹„ : ì• ë‹ˆë©€í¬ìœ  animal4u","KBSì˜ ë°©ëŒ€í•œ, ë™ë¬¼ ì•„ì¹´ì´ë¸Œ!

ğŸ’› ì–´ë–¤ ë™ë¬¼ì„ ì¢‹ì•„í• ì§€ ëª°ë¼ì„œ... ëª¨ë‘ ë°ë ¤ì™”ì¨”ë‚˜ ğŸ’™

*ì¸ìŠ¤íƒ€ê·¸ë¨*
-ë§í¬: https://www.instagram.com/kbs_animal4u_/ 
-ê³„ì •: kbs_animal4u_ 
-ì¸ìŠ¤íƒ€ê·¸ë¨ì— 'ì• ë‹ˆë©€í¬ìœ 'ë¥¼ ê²€ìƒ‰í•˜ì„¸ìš”!
----------------------------------------------------------------------------------------------------------------------
This is KBS's vast animal archive!

ğŸ’› I didn't know what kind of animals you'd like... so I brought them allğŸ’™ (Yeah~!!)

*Instagram*
-URL: https://www.instagram.com/kbs_animal4u_/ 
-Account: kbs_animal4u_ 
-Or search for 'animal4u' on Instagram!","@animal4u","2018-08-14 07:32:08","https://yt3.ggpht.com/ytc/AGIKgqPSgNuybmm-X8EXAdTdz5EQzN5CEfh2BXmfcx-Ldw=s88-c-k-c0x00ffffff-no-rj","[40, 46, 51]","ì• ë‹ˆë©€í¬ìœ  animal animalforyou ""animal for you"" animal4u ì• ë‹ˆë©€ ë™ë¬¼ KBSë™ë¬¼ ë‹¨ì§ ì£¼ì£¼í´ëŸ½ ê°•ì•„ì§€ ê³ ì–‘ì´ ""ê°•ì•„ì§€ êµ¬ì¡°"" ""ê³ ì–‘ì´ êµ¬ì¡°"" ""ë™ë¬¼ êµ¬ì¡°"" ìœ ê¸°ê²¬ ìœ ê¸°ë¬˜ ë°˜ë ¤ë™ë¬¼ ì½”ë¼ë¦¬ ê¸°ë¦° ë„ˆêµ¬ë¦¬ ì›ìˆ­ì´ ë§í‹°ì¦ˆ ë™ë¬¼ë‹¤í í¬ë©”ë¼ë‹ˆì•ˆ ë¹„ìˆ‘ ê°œ ëƒ¥ëƒ¥ì´ í­ê·„ ë¼ì¿¤ ""ë™ë¬¼ í‚¤ìš°ê¸°"" ""ê°œëŠ” í›Œë¥­í•˜ë‹¤"" ê°œí›Œë¥­ ê°•í˜•ìš± ""ê°œëŠ” í›Œë¥­í•˜ë‹¤"" ê°œí›Œë¥­ ë©§ë¼ì§€ ì• ë‹ˆë©€í¬ìœ ë©§ë¼ì§€ ë©§ë¼ì§€í• ì•„ë²„ì§€ ì£¼ì£¼í´ëŸ½ ì•…ì–´ ë©§ë¼ì§€ì•„ì €ì”¨ ì• ë‹ˆë©€ìŠ¤í€ì§€ ìŠ¤í€ì§€ kbs","https://yt3.googleusercontent.com/jxtXXLoV6AVEdm-rbASOy9EIGGO1wmPQFGaxPyhuAh7bVkvcF5toSIvGRcshlJ-MHJbtOJGWaw","UUAhKKbDO9-ymWZ_7iAFLBQQ","1044694030","1190000","3423","903638","12289","657","gold","1.43","2.53","30121","409","21","1:73","1:1434","https://imagedelivery.net/0LpbCRndcZjwIKnq2dWrKQ/f2b89c68-614b-42b2-8ca2-bd05a354a900/public","https://imagedelivery.net/0LpbCRndcZjwIKnq2dWrKQ/53dc8ec2-c376-4625-a2cf-1df3dd896900/public"
"UCD3CYe6XKcgYPyAALLh0oRg","Cheri Hyeri ì²´ë¦¬ í˜œë¦¬","ë¹„ì§€ë‹ˆìŠ¤ ë¬¸ì˜ Business Inquiries : cherihyeri@gmail.com
Instagram : cherihyeri_94
FB: Hye Ri Kim

ê¹€í˜œë¦¬
í•œêµ­ì™¸êµ­ì–´ëŒ€í•™êµ ë² íŠ¸ë‚¨ì–´í•™ê³¼ ì¡¸ì—…","@cherihyeri","2016-01-25 18:34:39","https://yt3.ggpht.com/ytc/AGIKgqMk394ziJthGeUQSpmnHVu0eZYBkdRn6Dj-o-x2jQ=s88-c-k-c0x00ffffff-no-rj","[46]","vietnam ""tieng Han"" ""Han Quoc"" ""Hoc tieng Han"" ""giao duc"" ""van hoa"" ""hÃ n quá»‘c"" ""há»c tiáº¿ng hÃ n"" ë² íŠ¸ë‚¨ ë² íŠ¸ë‚¨ì–´","https://lh3.googleusercontent.com/JAHBrqat8JFRAe3YLR3wybA9D2g26Bhc5G8sT414FHCU5aEtiCgBq2nzqnuWzbQfMnt0yGexyg","UUD3CYe6XKcgYPyAALLh0oRg","172888441","1170000","467","1871900","55449","2211","gold","3.08","5.33","62396","1848","73","1:33","1:854","https://imagedelivery.net/0LpbCRndcZjwIKnq2dWrKQ/14248784-5f6d-4c51-de41-800fcac14300/public","https://imagedelivery.net/0LpbCRndcZjwIKnq2dWrKQ/457c9aab-9689-4209-5dca-d3abe3da6a00/public"
"UC-IYpdOqjkER7B6cnChwlhA","ì†Œë…€ì˜í–‰ì„± Girlsplanet","ğŸ‡Profile
ì²«ì§¸ğŸ’• ì†Œë…€ | ì—¬ì•„ | ë˜ë¸Œë¼ë„ ë¦¬íŠ¸ë¦¬ë²„ | 17.02.23
ë‘˜ì§¸ğŸ’• í–‰ì„± | ì—¬ì•„ | í¬ë©”ë¼ë‹ˆì•ˆ | 17.10.25
ì…‹ì§¸ğŸ’• ìš°ì£¼ | ì—¬ì•„ | ì›°ì‹œì½”ê¸° | 18.5.26

ì†Œí–‰ì„± íŒ¬ ê°€ì…í•´ì£¼ì„¸ìš”ğŸ€ ì±„ë„ ìš´ì˜ì— í° í˜ì´ ë©ë‹ˆë‹¤ğŸ˜†
https://www.youtube.com/channel/UC-IYpdOqjkER7B6cnChwlhA/join

ì†Œë…€ìŠ¤íƒ€ê·¸ë¨ ë†€ëŸ¬ì˜¤ì„¸ìš”â™¥
https://www.instagram.com/minhwa.g/


ğŸ‡ê´‘ê³ ë¬¸ì˜
girlsplanet_@naver.com

ğŸ¶ë°˜ë ¤ë™ë¬¼ ì…ì–‘ì€ ì‹ ì¤‘í•˜ê²Œ ìƒê°í•´ì£¼ì„¸ìš”ğŸ¶","@girls_planet","2017-04-27 09:41:56","https://yt3.ggpht.com/rSGi__I-NFUL2QDvEicPSXZDKt0Hfsxs2w5aNKuneegZQQhVWKVSJXg2y099CS9jUxPDqo0Q6g=s88-c-k-c0x00ffffff-no-rj","[46, 51]","ì†Œë…€ì˜í–‰ì„± ê°•ì•„ì§€ dog ëŒ€í˜•ê²¬ ì¤‘í˜„ê²½ ì†Œí˜•ê²¬ ë°˜ë ¤ê²¬ ""ê°•ì•„ì§€ ë°˜ì‘"" ""ê·€ì—¬ìš´ ê°•ì•„ì§€"" ""cute dog"" ë¦¬íŠ¸ë¦¬ë²„ í¬ë©”ë¼ë‹ˆì•ˆ ì›°ì‹œì½”ê¸° ë°¤í•˜ëŠë¦¬ puppy ""ê°•ì•„ì§€ ë¸Œì´ë¡œê·¸"" í•˜ìš¸ë§ íë§ì˜ìƒ Retriever Pomeranian WelshCorgi cachorro Pomeranio ãƒ¬ãƒˆãƒªãƒãƒ¼ ãƒãƒ¡ãƒ©ãƒ‹ã‚¢ãƒ³ ã‚¦ã‚§ãƒ«ã‚·ãƒ¥ãƒ»ã‚³ãƒ¼ã‚®ãƒ¼ çŠ¬ ÑĞ¾Ğ±Ğ°ĞºĞ° Ñ€ĞµÑ‚Ñ€Ğ¸Ğ²ĞµÑ€ Ğ²ĞµĞ»ÑŒÑˆ-ĞºĞ¾Ñ€Ğ³Ğ¸ ĞŸĞ¾Ğ¼ĞµÑ€Ğ°Ğ½ÑĞºĞ¸Ğ¹ ""cute dog"" ""dog reaction""","https://lh3.googleusercontent.com/wE0YIN0Ivy2-xH4CZ6cDiXB2wq_wyxqqbMZhDgV-dMgOaknYwaUDmpn8O0CStUL51AOwN0S-bTw","UU-IYpdOqjkER7B6cnChwlhA","418442158","1010000","576","5884209","173405","7159","gold","3.07","19.42","196140","5780","238","1:33","1:824","https://imagedelivery.net/0LpbCRndcZjwIKnq2dWrKQ/1d42979b-6b64-4c4c-bd8b-f611d6ddfe00/public","https://imagedelivery.net/0LpbCRndcZjwIKnq2dWrKQ/93f04d3c-094b-4538-4652-39987bc34d00/public"
"UCR92NUaE1Jn_Jzsm8qL-kZg","Haiyan","","@haiyandtv","2012-09-12 15:14:11","https://yt3.ggpht.com/ZqlE6_iMpI8AwQDx430xviYW6F1mVyMMG7lOPfNIZgtOviEiTV0JG4e50gDHW1BYuAqH_Htg=s88-c-k-c0x00ffffff-no-rj","[46, 51]","""High IQ dog""","","UUR92NUaE1Jn_Jzsm8qL-kZg","541115497","968000","185","8145634","115859","2383","silver","1.45","28.05","271521","3861","79","1:70","1:3436","https://imagedelivery.net/0LpbCRndcZjwIKnq2dWrKQ/b23990dd-cfa5-43fb-368d-211675c7e000/public","https://imagedelivery.net/0LpbCRndcZjwIKnq2dWrKQ/3641e20f-f43b-4914-0667-4cc47efab700/public"
"UC5AAf4_zZxk-mCl46TogZQQ","ëƒ¥ì´ì•„ë¹ ","ê³ ì–‘ì´ë¥¼ ì‚¬ë‘í•˜ì§€ë§Œ ì •ì‘ í‚¤ìš°ëŠ”ê±´ ê³ ìŠ´ë„ì¹˜ì™€ í–„ìŠ¤í„° ê·¸ë¦¬ê³  ë¯¸ì–´ìº£ì¸
ëƒ¥ì´ì•„ë¹ ì…ë‹ˆë‹¤.
ê¸°íƒ€ ë¬¸ì˜ëŠ” joohyoungjoon4957@gmail.com

ì¸ìŠ¤íƒ€ê·¸ë¨ ì•„ì´ë””: @meow_dady","@meow_dad","2018-03-20 14:05:31","https://yt3.ggpht.com/ytc/AGIKgqMHdBm0I5O2KS9OClmrnxtzkqBBRFzqJb3bYbRd=s88-c-k-c0x00ffffff-no-rj","[46]","ëƒ¥ì´ ê³ ìŠ´ë„ì¹˜ í–„ìŠ¤í„° ë¯¸ì–´ìº£ ì§‘ì‚¬","https://yt3.googleusercontent.com/A5j2fe1hhn38D8PG_rnH_OdcSAVyG5Dmh0TnkC-PwWGfpZ6_OhTG0ibucT87nXjmW6imzCn6Ig","UU5AAf4_zZxk-mCl46TogZQQ","416551099","918000","733","3998298","79212","4486","silver","2.09","14.52","133276","2640","149","1:50","1:894","https://imagedelivery.net/0LpbCRndcZjwIKnq2dWrKQ/acaed9b1-7652-40ac-04ed-19193f7f1000/public","https://imagedelivery.net/0LpbCRndcZjwIKnq2dWrKQ/ac714221-9783-4fe3-938a-252cf2b6f000/public"
"UCwl9OALh8IMwSv_kFdHlMDA","ë‹¤í‘","ê²½ê¸°ë„ êµ°í¬ì‹œ ê³µë‹¨ë¡œ 296   4ì¸µ  ì´ìƒ‰ë™ë¬¼ ì „ë¬¸ë§¤ì¥ ë”ì¥¬
ë‹¤í‘ì—ê²Œ í›„ì›í•˜ê¸° â†“â†“â†“â†“â†“
                             ê´œì°®ìŠµë‹ˆë‹¤.


ì˜ìƒì œë³´ ë° ì¶œì—°ìš”ì²­ tktmaqjf12@naver.com
ë§¤ì¥ìœ„ì¹˜ : ê²½ê¸°ë„ êµ°í¬ì‹œ ê³µë‹¨ë¡œ 296  4ì¸µ
í˜ì´ìŠ¤ë¶ :  https://www.facebook.com/profile.php?id=100003358359824
í™ˆí˜ì´ì§€ : https://xn--9m1b023b.com/
ë„¤ì´ë²„ì¹´í˜ : http://cafe.naver.com/insectmaster/
ì¸ìŠ¤íƒ€ê·¸ë¨ : https://www.instagram.com/thezoo1201/?hl=ko","@thezoo_kr","2015-05-31 16:22:15","https://yt3.ggpht.com/ytc/AGIKgqPFq_I0f8kQp_2Iot84FMUQuVe_SOMpRW0kTYYPGw=s88-c-k-c0x00ffffff-no-rj","[46, 51]","ë”ì¥¬ ë‹¤ì •í•œí‘í˜• íŒŒì¶©ë¥˜ ì–‘ì„œë¥˜ ì ˆì§€ë¥˜ ì• ì™„ë™ë¬¼ ì´ìƒ‰ë™ë¬¼ í¬ê·€ë™ë¬¼ ê³¤ì¶© ì‚¬ìŠ´ë²Œë ˆ ì¥ìˆ˜í’ë…ì´ ë„ë§ˆë±€ íƒ€ë€íŠ¤ë¼ ë‹¤í‘ë‹˜ ë ˆì˜¤íŒŒë“œê²Œì½” ê°•ì•„ì§€ ëƒ¥ì´ ê³ ì–‘ì´ ì§‘ì‚¬ í¬ê·€ë™ë¬¼","https://yt3.googleusercontent.com/xsTMswPPTOlKM5eA_lB9aZ-q_5wXFphtlVi8SRYRgnMSwB2u1fpRwh2srPHnAB9-CT0St8WyDmM","UUwl9OALh8IMwSv_kFdHlMDA","649029884","914000","2856","5453316","54809","5527","silver","1.11","19.89","181777","1826","184","1:99","1:987","https://imagedelivery.net/0LpbCRndcZjwIKnq2dWrKQ/196d2ba0-2380-4f6a-d4cd-a6ec366c5f00/public","https://imagedelivery.net/0LpbCRndcZjwIKnq2dWrKQ/b84cab87-995c-4cb2-a7ce-e0bd19820500/public"
"UCpCjTTLS9aZxdPrZfiRuaOQ","Enjoy Toys Shin","Welcome to the official Enjoy Toys Shin Channel on YouTube.

Enjoy Toys Shin is designed to engage children of all ages and abilities through curriculum-based media to help children learn and develop critical skills for lifelong learning.  
Enjoy Toys Shin supports children in developing their knowledge and problem-solving skills, along with supporting their creativity and imagination.

Enjoy Toys Shin mission is to use the educational power of media to help children of all ages and abilities reach their full potential.

Our platform supports the acceptance and celebration of all members of the community and invites them to engage with our non-violent, age appropriate, parent approved content that offers positive educational content.","@enjoytoysshin4440","2013-02-09 16:10:44","https://yt3.ggpht.com/ytc/AGIKgqOt-wx7sTR3qLU23PlMEGWyqZXLx4Xg1sbS5aB2cw=s88-c-k-c0x00ffffff-no-rj","[46, 50]","""Play and Education"" ""Wild animals"" insect ""Sea animals"" ""Fruits and Vegetables"" Entertainment","https://yt3.googleusercontent.com/r630RH9Mn24NDU8XsC6rNhY99wOUGEaZtUJT_9ivYDC0XxlfStcWpOncr22lg5WmscP_goJIOKA","UUpCjTTLS9aZxdPrZfiRuaOQ","369464650","829000","246","3018328","5912","0","silver","0.2","12.14","100610","197","0","1:510","","https://imagedelivery.net/0LpbCRndcZjwIKnq2dWrKQ/170c3b80-8f02-4efd-1549-f5f28a33c100/public","https://imagedelivery.net/0LpbCRndcZjwIKnq2dWrKQ/218137a1-a13d-416e-6025-57bae8725800/public"
"UCrf5zJvtOoZkIviA3IZNPGA","ì²œì¬ê²¬ ì‚¬ì›”ì´sawol","ì•ˆë…•í•˜ì„¸ìš” :)
ì²œì¬ê²¬ì´ ë˜ê¸° ìœ„í•œ ì—¬ì •ì„ ë– ë‚˜ëŠ” ì‚¬ì›”ì´ì™€
ì˜¤ë¹  ì œì œì˜ ì¼ìƒ ì±„ë„ì…ë‹ˆë‹¤
ì˜¤ëŠ˜ë„ ì°¾ì•„ì£¼ì…”ì„œ ê°ì‚¬í•©ë‹ˆë‹¤ !

ë°˜ë ¤ë™ë¬¼ ìš©í’ˆ ì‚´ ë• ì œì œëª° !
https://jejemall.kr
ë§ì€ ê´€ì‹¬ ë¶€íƒë“œë ¤ìš”â™¥

ã…¡
â–¶Profile
ì´ë¦„ : ì‚¬ì›”
ì„±ë³„ : å¥³
ê²¬ì¢… : ìŠ¤íƒ ë‹¤ë“œí‘¸ë“¤
ìƒë…„ì›”ì¼ : 2019ë…„ 4ì›” 19ì¼
íŠ¹ì§• : ì˜¤ë¹ ë°”ë¼ê¸°â™¥, ê³µë°”ë³´
ê¿ˆ : ë§ˆë‹¹ìˆëŠ” ì§‘ì‚´ê¸°, ì²œì¬ê²¬(ì˜¤ë¹ ìš•ì‹¬)
ã…¡
insta : 9je_je3
e-mail : s_end@naver.com","@sawol0419","2019-08-08 05:10:29","https://yt3.ggpht.com/ytc/AGIKgqPLKjCShWpLUQWiK-YE2MZ17sA-A0K5g2NL8aXhVg=s88-c-k-c0x00ffffff-no-rj","[46, 51]","ìŠ¤íƒ ë‹¤ë“œí‘¸ë“¤ ì‚¬ì›”ì´ ""standard poodle"" poodle ìŠ¤íƒ í‘¸ ëŒ€í˜•ê²¬ í‘¸ë“¤ í† ì´í‘¸ë“¤ ì‚¬ì›”ì´","https://yt3.googleusercontent.com/nTFf6qRt0qJHEpoXG7LUkjnQg9Sz92cBpwXT0e7Jc07LxbqsfIfXuK9K9Ld-g91k9ISH_zBTiw","UUrf5zJvtOoZkIviA3IZNPGA","218872453","814000","199","41760667","596102","19228","silver","1.47","171.01","1392022","19870","640","1:70","1:2175","https://imagedelivery.net/0LpbCRndcZjwIKnq2dWrKQ/a60d417f-6c52-4673-5aa4-038a29229b00/public","https://imagedelivery.net/0LpbCRndcZjwIKnq2dWrKQ/000dba89-cf7f-48a9-19f6-43de9954dd00/public"
"UCzjDgV-G8_J-iRbkYktqyGQ","ì†ì‚­ì´ëŠ”ëª½ì","ë§ê´„ëŸ‰ì´ ê¼¬ë§ˆê°•ì•„ì§€ ëª½ìì˜ ìœ ì¾Œí•œì¼ìƒ
+ëª½ì‹¤ì´ëŠ” ë³¸ê°€(ë¶€ëª¨ë‹˜ì§‘)ì—ì„œ ì‚´ê³ ìˆëŠ” ê°•ì•„ì§€ì—ìš”

í‘¸ë“¤ê°•ì•„ì§€ë“¤ê³¼ í•¨ê»˜ ì†Œì†Œí•œì¼ìƒì„ ì¦ê²¨ë³¼ë˜ìš”?ğŸ¤­

ğŸ¤ëª½ì 2016ë…„ 4ì›”ìƒ ì—¬ìì•„ì´
ğŸ¤ëª½ì‹¤ 2007ë…„ 4ì›”ìƒ ì—¬ìì•„ì´

â—ëª¨ë“ ì˜ìƒì€ í—ˆê°€ì—†ì´ ë³€ê²½,ë°°í¬ ë¶ˆê°€í•©ë‹ˆë‹¤â—
ì˜ìƒê³µìœ ëŠ” ìœ íŠœë¸Œ ë§í¬ì£¼ì†Œë¥¼ ë³µì‚¬í•˜ì—¬ ì´ìš©í•´ì£¼ì„¸ìš”

âœ‰mongja5398@gmail.com","@mongja","2012-01-01 11:43:59","https://yt3.ggpht.com/ytc/AGIKgqN1KzQXgHfjES3T148nKv4kypNgveNRlb9tEJ5qeg=s88-c-k-c0x00ffffff-no-rj","[46, 51]","ê°•ì•„ì§€ doggy ëª½ì mongja í‘¸ë“¤ poodle","https://yt3.googleusercontent.com/OviJ1PwvKnF7nn8VLpIGpkh5p3QrFu0vnAyx6f8LuWpgHsEsFWuQ6uedvpW8fCri0cZ1Kbi3","UUzjDgV-G8_J-iRbkYktqyGQ","234435739","813000","554","7035809","172682","8294","silver","2.57","28.85","234526","5756","276","1:40","1:849","https://imagedelivery.net/0LpbCRndcZjwIKnq2dWrKQ/cfcdb354-930a-4a6f-f584-7a0e7ab2da00/public","https://imagedelivery.net/0LpbCRndcZjwIKnq2dWrKQ/94f8a61f-b0df-494d-70a2-95871e307b00/public"
"UCX2laRqGQhqoChYmlaUgOiw","ì†œì´ë„¤ ê³°ì´íƒ±ì´ì—¬ìš°","ë§¤ì£¼ ì¼ìš”ì¼ ë°¤ 9ì‹œ ë¼ì´ë¸Œ ë°©ì†¡ ë†€ëŸ¬ì˜¤ì‹œê°œ!

  ì´ë¦„ : ê³°ì´(Gom) (Shiba inu æŸ´çŠ¬)
  ì„±ë³„ : ì—¬(female)
  ìƒì¼ : 2015.07.01
  íŠ¹ì§• : Yellow hair ë…¸ë€í„¸ì— í°ì–‘ë§ ì‹œë°”ê²¬, ì•™ì¹¼ì§ 
  ë³„ëª… : ìª¼ê¼¬ë¯¸ (ìª¼ê¼¬ë§Œ ê¼¼ì´)

  ì´ë¦„ : íƒ±ì´(Taeng) (Black tan Shiba inu æŸ´çŠ¬)
  ì„±ë³„ : ë‚¨(male)
  ìƒì¼ : 2015.03.13
  íŠ¹ì§• : Black hair ê²€ì •í„¸ì— í™©ê¸ˆì–‘ë§ ì‹œë°”ê²¬, ê°€ìŠ´ì— ë“œë˜ê³¤, ë“¬ì§í•˜ì§€ë§Œ ê°œì—„ì‚´
  ë³„ëª… : ê·€íƒ±ì´ (ë„ˆë¬´ ê·€ì—¬ìš´ íƒ±ì´)

  ì´ë¦„ : ì—¬ìš°(Yeo woo) (White Shiba inu æŸ´çŠ¬)
  ì„±ë³„ : ì—¬(female)
  ìƒì¼ : 2018.10.04
  íŠ¹ì§• : í•˜ì–€ í„¸ì— ê·€,ë“±,ê¼¬ë¦¬ ì½©ê³ ë¬¼ ë¬»ìŒ, ì‹œë°” ê°™ì§€ ì•Šê³  ê°•ì•„ì§€ ê°™ì€ ì„±ê²© 
  ë³„ëª… : fox(ë¶ê·¹ì—¬ìš°), í°ë˜(í°ìƒ‰ ëŒ+I)

ì†œì†œì´
ì„±ë³„ : ì—¬(female)
ìƒì¼ : 2020.12.25
íŠ¹ì§• : ëª¨íƒœ ì•„ê¸° ì‹œë°”ì§‘ì‚¬
ë³„ëª… : ì†œíšŒì¥ë‹˜, ì‹œë°”ë§ˆìŠ¤í„°

ì­ì´ë‹˜ : ì‹œë°” ì»¤ë®¤ë‹ˆì¼€ì´í„°, ì‹œë°” ì–¸ì–´ ë§ˆìŠ¤í„°
ì†œì´ì•„ë¹ (=ì­í¸) : ì¼ê¾¼, ì´ˆë³´ìš´ì „ì

Ending Song provided by ë¯¸ë¬´
https://www.youtube.com/channel/UCDIL26BCA9FveHwMUmUUe1w

----------------------------------------------------------------------
ì‹œë°”ê²¬ ê³°ì´íƒ±ì´ êµ¬ë…í•´ì£¼ì‹œë°”!
êµ¬ë…í•˜ê¸° : https://www.youtube.com/c/ì‹œë°”ê²¬ê³°ì´íƒ±ì´?sub...
ê³°íƒ±ì´íŒ¬ì¹´í˜ : http://cafe.naver.com/welovepetfamily
ê³°íƒ±ìŠ¤íƒ€ê·¸ë¨ : https://www.instagram.com/shiba_gomtaeng
ê³°íƒ± í˜ì´ìŠ¤ë¶ : https://www.facebook.com/ShibaGomTaeng/


ë¹„ì¦ˆë‹ˆìŠ¤ ë¬¸ì˜: movingbesut@naver.com","@shibas","2012-05-03 01:44:31","https://yt3.ggpht.com/2RgeWnXKsDVeyAfZtVmz-hsya7hFR-VggfoPcti3zTuK0lUvIToNTcOLKTt7WJt-G-jw-aNbQA=s88-c-k-c0x00ffffff-no-rj","[46, 51]","ì‹œë°”ê²¬ ì‹œë°”ì´ëˆ„ ê°•ì•„ì§€ ê·€ì—¬ìš´ íë§ ì›ƒê¸´ ë°˜ë ¤ê²¬ ë°˜ë ¤ë™ë¬¼ ë°±ì‹œë°” ê°•ì•„ì§€ë¨¹ë°© ì¼ìƒ ë¸Œì´ë¡œê·¸ í«íŠœë²„ í«íŠœë¸Œ dogs pets doggy shiba shibainu","https://yt3.googleusercontent.com/fbvBNmzJCrfphInzJFQkgtDSqq0Si_CJrbg2rq4K3VfXuETM7ngoCDNfyp5CP9-CNLUlpXNJrg","UUX2laRqGQhqoChYmlaUgOiw","517950186","779000","1746","2857174","72649","3511","silver","2.67","12.23","95239","2421","117","1:39","1:814","https://imagedelivery.net/0LpbCRndcZjwIKnq2dWrKQ/0e82932e-e654-4a7b-a44b-f2616f257900/public","https://imagedelivery.net/0LpbCRndcZjwIKnq2dWrKQ/df3ac603-58de-4386-c0c3-53fc24155f00/public"
"UCjIJwGB7Y4BwoyCYzobsnDg","Coco Klub","Coco Labrador Girl","@cocoklub","2018-07-27 06:43:00","https://yt3.ggpht.com/Ib3Nqt7QMfQ6_kd7eFxbW3rJQBsm7nb0oihtC8kkGQZ1cQVdNG6y2LetdkABhOq0OMGjWtl_6w=s88-c-k-c0x00ffffff-no-rj","[40, 46, 51]","labrador dog ë˜ë¸Œë¼ë„ ê°œ ãƒ©ãƒ–ãƒ©ãƒ‰ãƒ¼ãƒ« çŠ¬","","UUjIJwGB7Y4BwoyCYzobsnDg","208777","722000","124","68754","2072","160","silver","3.25","0.32","2291","69","5","1:33","1:458","https://imagedelivery.net/0LpbCRndcZjwIKnq2dWrKQ/d4ec9247-319f-4986-e17f-c9643e4dfe00/public","https://imagedelivery.net/0LpbCRndcZjwIKnq2dWrKQ/2420ddd8-8922-4b1b-0d1d-1c0901b30b00/public"
"UChz95FXbJk3No_QhAOCoiFA","íë§í•´ìš” ë™ë¬¼ì˜ ì§¤","'ì›ƒì–´ë´ìš” ë™ë¬¼ì˜ ì§¤' ì„œë¸Œì±„ë„

ì œ ì±„ë„ì€ ìˆ˜ìµ ì°½ì¶œ ê¸°ëŠ¥ì„ ì´ìš©í•˜ê³  ìˆì§€ ì•ŠìŠµë‹ˆë‹¤.
ë”°ë¼ì„œ, ëª¨ë“  ì• ë“œì„¼ìŠ¤ ê´‘ê³  ìˆ˜ìµì€ ì›ì €ì‘ê¶Œìë“¤ì—ê²Œ ì§€ê¸‰ë©ë‹ˆë‹¤.
ë¬¸ì˜ ì‚¬í•­ì´ ìˆìœ¼ì‹œë©´ ì–¸ì œë“ ì§€ ë©”ì¼ ì£¼ì„¸ìš”. 

My channel is not using a monetization feature. 
Therefore, all of adsense advertising revenue in my channel goes to copyright owners. 
PleaseÂ send me an email if you have any questions (e.g. request to remove the clipÂ you own).
Thank you. 

animalzzal@gmail.com
ê´‘ê³ /í™ë³´Â ë¬¸ì˜ :Â https://open.kakao.com/o/sA04XASc","@healingzzal","2021-01-25 12:27:11.920528","https://yt3.ggpht.com/ytc/AGIKgqMi-2j9sZ2oD5kKz27idQdYEpO5bqRgCItRKR3E=s88-c-k-c0x00ffffff-no-rj","[40, 46, 51]","ë°ˆ ì§¤ ë™ë¬¼ ê°•ì•„ì§€ ê³ ì–‘ì´ ìœ ë¨¸ ì˜ˆëŠ¥ ë™ë¬¼ì§¤ ì‡¼ì¸  shorts ë°˜ë ¤ë™ë¬¼","","UUhz95FXbJk3No_QhAOCoiFA","519789422","714000","111","162653762","6650559","15866","silver","4.1","759.35","5421792","221685","528","1:24","1:10268","https://imagedelivery.net/0LpbCRndcZjwIKnq2dWrKQ/e27e50e3-6a17-467e-069a-13c83b123700/public","https://imagedelivery.net/0LpbCRndcZjwIKnq2dWrKQ/66ad1b4c-fb1c-49a7-36c2-d2e8aa891400/public"
"UCgsgpELbaTiGjCHIjHVF8uQ","TVìƒë¬¼ë„ê°","ì‹ ê¸°í•œ ìƒë¬¼ì‚¬ìœ¡, ì±„ì§‘! ìƒë¬¼ì˜ ëª¨ë“ ê²ƒì„ ë‹¤ë£¨ëŠ” TVìƒë¬¼ë„ê°ì…ë‹ˆë‹¤



ã…¡ã…¡ã…¡ã…¡ã…¡ã…¡ã…¡ã…¡ã…¡ã…¡ã…¡ã…¡ã…¡ã…¡ã…¡ã…¡ã…¡ã…¡ã…¡ã…¡ã…¡

ì œë³´ ë° ë¹„ì§€ë‹ˆìŠ¤ ê´€ë ¨ë¬¸ì˜: saengdotv@gmail.com


ì‹œì‘ì¼: 2018.12.14","@tv.seangdo","2014-01-11 08:33:41","https://yt3.ggpht.com/ytc/AGIKgqMeMpo--Cg2a3Snks9ROdBzjDO2lem25yxVptrq6w=s88-c-k-c0x00ffffff-no-rj","[46, 50, 51]","ìƒë¬¼ ê³¤ì¶© ì‚¬ìŠ´ë²Œë ˆ ì¥ìˆ˜í’ë…ì´ ë¬¼ê³ ê¸° ì—´ëŒ€ì–´ ì–´í•­ í•´ìˆ˜ì–´ íŒŒì¶©ë¥˜ ë ˆê²Œ ì±„ì§‘ íƒì–´ ì‚¬ëƒ¥ ë‚šì‹œ ì‚¬ìœ¡ ì• ì™„ë™ë¬¼ ë°˜ë ¤ë™ë¬¼ ë™ë¬¼","https://yt3.googleusercontent.com/NjOLqzYVDYzExh0tFoMDNluv0FtvVkMdHUUxyC7--FyzePIcsyVrjAVnB0huncKn7WdUpyuajoY","UUgsgpELbaTiGjCHIjHVF8uQ","360443163","680000","560","13558643","85815","9364","silver","0.7","66.46","451954","2860","312","1:158","1:1448","https://imagedelivery.net/0LpbCRndcZjwIKnq2dWrKQ/c0ae15f1-4204-4ed6-1af2-f762f9826500/public","https://imagedelivery.net/0LpbCRndcZjwIKnq2dWrKQ/9c42278d-eb49-4ddc-a412-2e1d0acff600/public"
"UC9a4bq1AkcTG9smpUuQHIOg","SIMI TV","í–„ìŠ¤í„°ì™€ ê·¸ ì§‘ì‚¬ì˜ í¬ë¦¬ì—ì´ëŸ¬í•œ ì´ì•¼ê¸°ë¥¼ ë‹´ì€ ì±„ë„

ë¹„ì§€ë‹ˆìŠ¤ ë¬¸ì˜ : contact@lamstudio.co.kr

The business inquiry email  : contact@lamstudio.co.kr","@simitv1","2013-07-22 04:28:28","https://yt3.ggpht.com/ytc/AGIKgqMkTiDbah6dTMBhqwrn7D1-OHi5hSANax8yuZQOqg=s88-c-k-c0x00ffffff-no-rj","[46, 50]","hamster cardboard í–„ìŠ¤í„° making Miniature ""hamster maze"" maze ""how to make"" labyrinth ""diy hamster maze"" ""funny hamsters"" ""hamster obstacle course"" ""major hamster"" ""hamster video"" ""funny hamster"" ""hamster labyrinth"" ""diy hamster"" DIY simitv simi ""miniature cooking"" ""hamster house"" ""creative idea""","https://yt3.googleusercontent.com/q2bmCZJjeWloxku0oLCjuooLIzW6TgJqANqkCSqhiUUCSnmc7AYFzbjWJqkp36M0oaRbkFsNoA","UU9a4bq1AkcTG9smpUuQHIOg","92293747","662000","171","1144748","29275","2278","silver","2.76","5.76","38158","975","75","1:39","1:508","https://imagedelivery.net/0LpbCRndcZjwIKnq2dWrKQ/32ed4c99-a0dd-4de5-f66d-6e590eeb7700/public","https://imagedelivery.net/0LpbCRndcZjwIKnq2dWrKQ/9d3bdcf4-db00-482c-589d-20185407d700/public"
"UCtL3Shbh4_Anest60zKFfYg","Golden Retriever - Dog Awesome","The Golden Retriever is a sturdy, muscular dog of medium size, famous for the dense, lustrous coat of gold that gives the breed its name. The broad head, with its friendly and intelligent eyes, short ears, and straight muzzle, is a breed hallmark. In motion, Goldens move with a smooth, powerful gait, and the feathery tail is carried, as breed fanciers say, with a 'merry action.'

The Golden Retriever, an exuberant Scottish gundog of great beauty, stands among America's most popular dog breeds. They are serious workers at hunting and field work, as guides for the blind, and in search-and-rescue, enjoy obedience and other competitive events, and have an endearing love of life when not at work.","@goldenretrieverdogawesome","2018-12-09 03:06:47","https://yt3.ggpht.com/sW20BI7bqwnBOmzNxNa7LZRTJRQRPSuscRak7kVHnx1CKDA3CbAwM9ggbn6M2H6PsQ5sUrDfsQ=s88-c-k-c0x00ffffff-no-rj","[46, 51]","""Funny dog"" Dog ""Clever dog"" Labrador ""à¤®à¤œà¤¼à¥‡à¤¦à¤¾à¤° à¤•à¥à¤¤à¥à¤¤à¤¾"" ""Anjing lucu"" ""Chien drÃ´le"" ""Lustiger Hund"" ""Ğ—Ğ°Ğ±Ğ°Ğ²Ğ½Ğ°Ñ ÑĞ¾Ğ±Ğ°ĞºĞ°"" ""Nakakatawang aso"" à¸ªà¸¸à¸™à¸±à¸‚à¸•à¸¥à¸ ""ê³¨ë“  ë¦¬íŠ¸ë¦¬ë²„""","","UUtL3Shbh4_Anest60zKFfYg","355407589","665000","710","38769248","680179","4693","silver","1.77","194.33","1292308","22672","156","1:57","1:8284","https://imagedelivery.net/0LpbCRndcZjwIKnq2dWrKQ/89e0a739-3571-4333-5073-c28982e8be00/public","https://imagedelivery.net/0LpbCRndcZjwIKnq2dWrKQ/76ea1097-444a-433a-0a65-cb339edb6a00/public"
"UCETBLykCDpfP6L0awBd7Vwg","Arirangì€ ê³ ì–‘ì´ë“¤ë‚´ê°€ ì£¼ì¸","í˜¹ì‹œ ê°œì¸ì ì¸ ë¬¸ì˜ì‚¬í•­ì´ ìˆìœ¼ì‹œë©´
aricat2488@gmail.com ì´ìª½ìœ¼ë¡œ ë©”ì¼ ì£¼ì‹œë©´ ê°€ë” ì•„ë¦¬ê°€ ë©”ì¼ì„ ì—´ì–´ë´…ë‹ˆë‹¤.","@arirang3","2012-01-12 08:59:51","https://yt3.ggpht.com/ytc/AGIKgqMXI6XiLK4EEKjQHdutd6DC8aiCB2j3vgWyC4cYBA=s88-c-k-c0x00ffffff-no-rj","[46, 51]","","https://yt3.googleusercontent.com/44IsXKUn2_FPy7YDkCwkXojDtr3OzJHq0gTTSjni_v4MKwlJe1cHUuwluLkNPv7uHh_qphJI4g","UUETBLykCDpfP6L0awBd7Vwg","284412683","639000","570","13492041","299676","7557","silver","2.28","70.38","449734","9989","251","1:45","1:1791","https://imagedelivery.net/0LpbCRndcZjwIKnq2dWrKQ/e809d23f-1ced-4d8d-366e-00851a264400/public","https://imagedelivery.net/0LpbCRndcZjwIKnq2dWrKQ/6725b362-c166-4057-8012-782721820a00/public"
"UCBbT9lgavJ44vNs0Vb_hlqA","ì½”ë‹ˆtv conitv","ì½”ë‹ˆì™€ ì¹œêµ¬ë“¤ ê·¸ë¦¬ê³  ì—„ë§ˆ
ì½”ë‹ˆì™€ ì•„ê¸° ê³ ì–‘ì´ë“¤
í•¨ê»˜í•˜ëŠ” íë§ í”„ë¡œì íŠ¸
ê¸°ë¶„ì´ ì¢‹ì•„ì§€ëŠ” ì˜ìƒì„ ë§Œë“¤ê³  ì‹¶ì–´ìš”

Coni, Mom and Cats
We can make some peaceful videos
And do it the amazing Live stream!
I really wanna make you happy :D

Donation to http://https://paypal.me/conifam




ê´‘ê³  ë° ì œíœ´ ë¬¸ì˜ 
(Ad and Alliance enquiries)
- contact@lamstudio.co.kr

ì¸ìŠ¤íƒ€ê·¸ë¨(Instagram) 
http://instagram.com/conifam
í˜ì´ìŠ¤ë¶(Facebook)      
http://www.facebook.com/conifam
íŠ¸ìœ„í„°(Twitter)               
http://www.twitter.com/conifam","@conitv","2017-12-29 07:00:22","https://yt3.ggpht.com/ytc/AGIKgqMiaoHhnfMZpuIzwCqSOg1grbJFNJgtBY_rModb=s88-c-k-c0x00ffffff-no-rj","[46, 51]","conitv ""coni cat"" ""rescued kitten"" ""rescued cat"" ""stray cat"" ê¸¸ê³ ì–‘ì´ munchikin ë¨¼ì¹˜í‚¨ê³ ì–‘ì´ ""cat voice"" ""cat meow"" xuni","https://lh3.googleusercontent.com/BSPg9-S9ue2CObCnwJAiv7NKzDkJ1ySaF5Bw-4GzcLlhdAp6VTxNXjQjVSNZoCkOOTO7szCOhw","UUBbT9lgavJ44vNs0Vb_hlqA","138592757","639000","970","156179","11904","1107","silver","8.33","0.81","5205","396","36","1:13","1:144","https://imagedelivery.net/0LpbCRndcZjwIKnq2dWrKQ/247a3ded-5542-4548-00a0-899ed4056a00/public","https://imagedelivery.net/0LpbCRndcZjwIKnq2dWrKQ/b29f778d-0c43-454b-643c-4532cdc35800/public"
"UCCb6W2FU1L7j9mw14YK-9yg","ê¹€ë©”ì£¼ì™€ ê³ ì–‘ì´ë“¤","ì˜¤ëŠ˜ë„ í‰í™”ë¡œìš´ ë©”ì£¼ë„¤â˜€ï¸

ğŸ”¸ ì—…ë¡œë“œ: ìˆ˜/í†  ì˜¤í›„ 5ì‹œ
âœ‰ï¸ ë¹„ì¦ˆë‹ˆìŠ¤ ë¬¸ì˜ mejoojoy@gmail.com

ğŸˆ  ê³ ì–‘ì´ë“¤ í”„ë¡œí•„
â–ªï¸ ë¨¼ì§€â™‚ : ê·¸ë ˆì´ ë½ (2010.12.24) 
â–ªï¸ ë´‰ì§€â™‚ : ë²ˆ ë¸Œë˜ë“œ (2011.03.15) 
â–ªï¸ íœ´ì§€â™‚ : í™”ì´íŠ¸ê¸€ë¡œë¸Œ (2012.02.14) 
â–ªï¸ ìš”ì§€â™‚ : ê³¨ë“œ ë§ˆë¦¬ëª¨ (2016.10.05) 
â–ªï¸ ì˜¤ë“¤â™€ : ì¹˜ì¦ˆ í”„ë¦°ì„¸ìŠ¤ (2022.04.13 ë™ê¸€ì ˆ)","@mejooandcats","2016-12-05 11:48:26","https://yt3.ggpht.com/Uk6ujyzSetiuHYpEaEPzscAjGx_a4Vd2j3zQ-z_ciFySagb23eiD2-YzRxr18xK1bMedCNhxEg=s88-c-k-c0x00ffffff-no-rj","[46, 51]","ê³ ì–‘ì´ cat cats kitten cute ëƒ¥ì´ ê³ ì–‘ì´ì• êµ ê¹€ë©”ì£¼ì™€ê³ ì–‘ì´ë“¤ Mejoo ê¹€ë©”ì£¼ ê³ ì–‘ì´ë„¤ë§ˆë¦¬ ëƒ¥ë• ëƒ¥ë•í›„ ë¨¼ì¹˜í‚¨ Munchkin ëŸ¬ì‹œì•ˆë¸”ë£¨ russianblue ìƒ´ ìƒ¤ë¯¸ì¦ˆ siamese siam ë¨¼ë´‰íœ´ìš” ëƒ¥íŠœë¸Œ","https://yt3.googleusercontent.com/4aKw83h4vahW9tDzZ_cdLSmSIoCkJBkT7SO3ZDyYhq9pLvwpcIO93FAL_y5zg0eQLpadyS_foA","UUCb6W2FU1L7j9mw14YK-9yg","270111749","622000","1212","4834343","203511","7971","silver","4.37","25.91","161144","6783","265","1:23","1:608","https://imagedelivery.net/0LpbCRndcZjwIKnq2dWrKQ/334bebd0-d25c-47b1-cd91-01044b779600/public","https://imagedelivery.net/0LpbCRndcZjwIKnq2dWrKQ/bc9c6701-d514-4fc8-4758-a44c7b560900/public"
"UC98TOxKQk4aLcx0EjIK0LkQ","í•´ìˆ˜ì¸tv Hesuin BADA","ì¬ë¯¸ìˆëŠ” ë°”ë‹¤ ì¹œêµ¬ë“¤!! í•´ìˆ˜ì¸tvì—ì„œ ë§Œë‚˜ë³´ì„¸ìš”~! 
Funny Sea friends!! Meet at hesuin tv~! 

If you like my video, don't forget to SUBSCRIBE! Thank you :)

ë‹¤ì–‘í•œ ìƒë¬¼ ì œë³´ë„ ë³´ë‚´ì£¼ì‹œê³  ë„ˆë¬´ ë„ˆë¬´ ê°ì‚¬í•˜ê²Œ 
ë©”ì¼ í™•ì¸í•˜ê³  ìˆìŠµë‹ˆë‹¤. 

ê·¸ëŸ°ë° ê°„í˜¹ ë³´ë‚¼ íƒ€ì´ë°ì„ ë†“ì³ ë‹µì¥ì„ ëª»í•˜ëŠ” ê²½ìš°ê°€ ìˆìŠµë‹ˆë‹¤ã… 

ë‹µì¥ì´ ì—†ì–´ë„ ê´œì°®ì•„ìš”!! í•˜ì‹œëŠ” ë¶„ë“¤ë§Œ ë©”ì¼ ë¶€íƒë“œë¦½ë‹ˆë‹¤!! 
ê°ì‚¬í•©ë‹ˆë‹¤ğŸ˜€

ë¹„ì§€ë‹ˆìŠ¤ë¬¸ì˜ : bada7tv@gmail.com","@tvhesuinbada4267","2019-01-08 18:53:30","https://yt3.ggpht.com/Y7LShHS-J4rerOba8WbWeZzH9qoLBBXVqIagV2UWtxYrwNY_WjzeXOlahrNG-J3uyuOu3wJWOA=s88-c-k-c0x00ffffff-no-rj","[46, 51]","","https://yt3.googleusercontent.com/jdMTPRLqre_Xr94wQSCY_mTGUyssRI6h7HCR1RpqYvogFyPbanKaf8yby-HSxgh0krBwTX5H1g","UU98TOxKQk4aLcx0EjIK0LkQ","232795780","595000","257","14180275","193691","9675","silver","1.43","79.44","472675","6456","322","1:73","1:1467","https://imagedelivery.net/0LpbCRndcZjwIKnq2dWrKQ/f79399bf-1ea3-46e0-1b13-48f6123dfc00/public","https://imagedelivery.net/0LpbCRndcZjwIKnq2dWrKQ/1f2e38ae-462a-4171-596b-68dbafe95400/public"
"UCv2oDUS8fEOJDhcT2tlw-Cg","ëŒ•ëŒ•ì´ì™€ì•¼ì˜¹ì´","ëŒ•ëŒ•ì´ì™€ ì•¼ì˜¹ì´ê°€ í•˜ê³ ì‹¶ì€ ë§ ì¼ìƒ","@user-qx8le8we2w","2017-04-02 18:28:34","https://yt3.ggpht.com/pfxfL3TiI2XI7Qo9gfC9pCD5fj3GEtOnS5VG5_5hTIadMfaRJEcy2k9CE9BNBGjcOKtT5B8Y=s88-c-k-c0x00ffffff-no-rj","[46, 51]","ê³¨ë“ ë¦¬íŠ¸ë¦¬ë²„ ê¸¸ê³ ì–‘ì´ ëŒ•ëŒ•ì´ ì•¼ì˜¹ì´ ê°•ì•„ì§€ê³ ì–‘ì´ ëŒ•ëŒ•ì´ì™€ì•¼ì˜¹ì´ ASMR ê°•ì•„ì§€ë¨¹ë°© ë¨¹ë°© ""Dog mukbang"" ""Golden Retriever"" ë¹„íŠ¸ì½”ì¸ ì£¼ì‹ ë¶€ë™ì‚° ë°•í˜¸ë‘ ì§­êµ¬ ì°¨íŠ¸ê³µë¶€ ìŠ¤íŠ¸ë¦¿","","UUv2oDUS8fEOJDhcT2tlw-Cg","129817994","578000","231","1471759","31189","2641","silver","2.3","8.49","49058","1039","88","1:47","1:557","https://imagedelivery.net/0LpbCRndcZjwIKnq2dWrKQ/cb4a0b56-7fda-4412-620a-cec4ca1da500/public","https://imagedelivery.net/0LpbCRndcZjwIKnq2dWrKQ/388c1dcf-a46a-4e8f-04db-1969a818d700/public"
"UCbmZSeosMzA_AkxkoY5gG2Q","ì½”ì¸ ê¹€ì„ ì¥","","@pior6713","2012-01-10 03:37:51","https://yt3.ggpht.com/73f-PfpgU8Hw1rcsvqaD7dg7LkDIgCQUYB2sXV7K6KwrBIDRKUm7l_LR66SpsphtbUwUSd5k=s88-c-k-c0x00ffffff-no-rj","[46, 50]","ë¹„íŠ¸ì½”ì¸ ì—…ë¹„íŠ¸ ë¹—ì¸ ì½”ì¸ì› ë°”ì´ë‚¸ìŠ¤ ì´ë”ë¦¬ì›€ ì—ì´ë‹¤ ë¦¬í”Œ í•˜ë“œí¬í¬ ì£¼ì‹ ë§¤ë§¤ ëˆë²„ëŠ”ë°©ë²• í•´ì™¸ì„ ë¬¼ ë§ˆì§„ê±°ë˜","https://yt3.googleusercontent.com/0-g9CdV5ndTyMgbt2is4xCHSgXUUFHyxXlPFMzsOt_rgk8ue6fPx6pc8qugTK08vP8V5mV8f6bU","UUbmZSeosMzA_AkxkoY5gG2Q","183285632","576000","6","183285826","405819","1298","silver","0.22","5303.41","30547637","67636","216","1:451","1:141424","https://imagedelivery.net/0LpbCRndcZjwIKnq2dWrKQ/19c3c6bb-bc5b-4b1c-c799-d928eaee4700/public",""
"UCeXxAet11DPbC8pG-lBOUTQ","ì•„ë¦¬ë‘¥ì ˆ Ari the Corgi","ì•ˆë…•í•˜ì„¸ìš”!
ì•„ë¦¬ì™€ ì•„ë¦¬ì§‘ì‚¬ (ë§)ë‚˜ë‹ˆì…ë‹ˆë‹¤ :) 
ë˜‘ë˜‘ì´ ì•„ë¦¬ì™€ì˜ ì¼ìƒì„ í•¨ê»˜í•´ì£¼ì…”ì„œ ê°ì‚¬í•©ë‹ˆë‹¤ğŸ˜

â–¶ì›°ì‹œì½”ê¸° ì•„ë¦¬ í”„ë¡œí•„
ì„±ë³„: ê³µì£¼ë‹˜
ë‚˜ì´: 2016ë…„ìƒ
ì·¨ë¯¸: 
-ì–´ë ¤ìš´ ë¬¸ì œ í•´ê²° 
-24ì‹œê°„ ì§‘ì‚¬ ê°ì‹œ
íŠ¹ì§•: 
-ê°€ë” ì²œì¬ê²¬ì´ë¼ ë¶ˆë¦¼
-ëª¸ê³¼ ë§ˆìŒì´ ê±´ê°•í•œ ê°•ì•„ì§€ (ì „ì„¤ì˜ ë¶„ë¦¬í–‰ë³µê²¬)
ë³„ëª…: 'ì•„ë¦¬'ìŠ¤í† í…”ë ˆìŠ¤, ì½©ìë°˜ ë“±
ì¥ë˜í¬ë§: ë‚¨ì˜ ì§‘ ê°œ (ì‚¬ëŒ ì¡°í•˜)

â–¶ì•„ë¦¬ìŠ¤íƒ€ê·¸ë¨ ari_the_corgi   
â–¶ë¹„ì¦ˆë‹ˆìŠ¤ ë¬¸ì˜ ari_corgi@sandbox.co.kr","@arithecorgi","2018-07-30 02:35:44","https://yt3.ggpht.com/ytc/AGIKgqPjCn90QQmxW1JRiOPMQ64oEm8SUHMyPGZij1bJiA=s88-c-k-c0x00ffffff-no-rj","[46, 51]","ë™ë¬¼ ê°•ì•„ì§€ ì›°ì‹œì½”ê¸° ê°•ì•„ì§€ìœ íŠœë¸Œ ì•„ë¦¬ë‘¥ì ˆ","https://yt3.googleusercontent.com/lvZegqjQMELuXotT2tD9vbVA82uoixwjVmSvXyp8dV4oK896HHxr-t9EjjTdaH88uvf_38mQEu4","UUeXxAet11DPbC8pG-lBOUTQ","193151579","575000","297","23084491","579747","13726","silver","2.57","133.82","769483","19324","457","1:39","1:1683","https://imagedelivery.net/0LpbCRndcZjwIKnq2dWrKQ/3f25e3f0-a02e-4565-4dde-9515d2288900/public","https://imagedelivery.net/0LpbCRndcZjwIKnq2dWrKQ/3cf13ad9-b94c-4a80-7a72-a6ce9d3e4300/public"
"UC43CkWhXhi20AvyrWG2nU_g","Griffin Frenchie","We are two French Bulldogs Griffin and Haru, we love to eat healthy food and show off our cute personalities. Haru loves to sing and do a trust fall. Griffin is the instigator when it comes to tantrums and is a very clever boy. Welcome to our cute channel!","@griffinfrenchie","2019-01-12 10:19:46","https://yt3.ggpht.com/ytc/AGIKgqOYKAxi3kafKSO0qLQXLie06mRiRIEcB3JYcnH9KQ=s88-c-k-c0x00ffffff-no-rj","[40, 46, 51]","","https://yt3.googleusercontent.com/tifnSh0WbwXMknpKXuHXPgygfnPgkkLTdzE45ZOfadkFTDulPynKhK-2wvAeZOhRI5ODlK8ejw","UU43CkWhXhi20AvyrWG2nU_g","282089425","568000","503","6049745","458941","9468","silver","7.74","35.5","201658","15298","315","1:13","1:640","https://imagedelivery.net/0LpbCRndcZjwIKnq2dWrKQ/5674384c-6981-4db9-25bf-5efe60df6200/public","https://imagedelivery.net/0LpbCRndcZjwIKnq2dWrKQ/3b770c5f-1ccc-43b7-56c3-f00fb4103100/public"
"UCyiV1mCTzLS1ZB4hyDgtS6g","ì´ëˆ„ì¸ INUINN","í•œì¼ë¶€ë¶€ê°€ ìš´ì˜í•˜ëŠ” ì• ê²¬ì¹´í˜ ì´ëˆ„ì¸ì…ë‹ˆë‹¤.
ì €í¬ ì±„ë„ì€ ë™ë¬¼ë“¤ê³¼ í•¨ê»˜ ì„±ì¥í•˜ëŠ” ê¸€ë¡œë²Œ ë™ë¬¼ ì‡¼ì¸  ì±„ë„ì…ë‹ˆë‹¤.

í•œêµ­ ê°•ì•„ì§€ë“¤ì˜ ê·€ì—½ê³  ì¬ë¯¸ìˆëŠ” ì˜ìƒ, ì„¸ê³„ì˜ ë‹¤ì–‘í•œ ë™ë¬¼ë“¤ì„ ì•Œì•„ê°ˆ ìˆ˜ ìˆëŠ” ì˜ìƒì„ ë‹´ì•„ë³´ì•˜ìŠµë‹ˆë‹¤.

ëª¨ë“  ì˜ìƒì€ ì œì‘ìê°€ ìì²´ í•´ì„í•˜ì—¬ ì œì‘ë˜ì—ˆìŠµë‹ˆë‹¤.
ë¶ˆí¸í•œ ì¥ë©´ì´ ìˆë‹¤ë©´ ì•„ë˜ì˜ ì´ë©”ì¼ë¡œ ë¬¸ì˜ë¥¼ ë‚¨ê²¨ì£¼ì„¸ìš”!

ê´‘ê³  ë° ìœ íŠœë²„ í˜‘ì—…ë¬¸ì˜ louis@inuinn.com","@inuinn","2011-04-15 14:44:16","https://yt3.ggpht.com/cJXGGPRQhvwrF9kA6erI0GGx4fNboyVTxgX4SmSYncIuPuL8nlH4krAR48o_ZTFHM46DxyCa8w=s88-c-k-c0x00ffffff-no-rj","[46, 51]","ëŒ€í˜•ê²¬ dog ê°•ì•„ì§€ ëŸ¬ì‹œì•„ë°ˆ ""korea dog"" aninals ""Funny dog"" ""Funny animals"" ""Cute dog"" ""ê·€ì—¬ìš´ ê°•ì•„ì§€"" ""dog meme"" ""russia meme"" ""Russian memes"" ""Japan dog"" ""ì´ëˆ„ì¸ ì• ê²¬ì¹´í˜"" ""ë™í•™ì‚¬ ì• ê²¬ì¹´í˜"" ""ëŒ€ì „ ì• ê²¬ì¹´í˜"" ""Dog life"" ""Golden retriever"" ê³¨ë“ ë¦¬íŠ¸ë¦¬ë²„ í—ˆìŠ¤í‚¤ í•œì¼ë¶€ë¶€ æ—¥éŸ“å¤«å©¦ ""Japan meme"" ""dog lover"" ""dogs life"" ""dog youtuber"" ""animal youtuber"" ""korean dog"" ""russia dog"" ""shorts youtuber""","https://yt3.googleusercontent.com/rzzulYjnRoMFx84MkfV_22x0P1-YUXPl_C01EFhufsOJH4NuewjjtHELBJ_4xOOwqUCDpI5FoG8","UUyiV1mCTzLS1ZB4hyDgtS6g","37227129","543000","215","1106801","26605","755","silver","2.47","6.79","36893","886","25","1:41","1:1475","https://imagedelivery.net/0LpbCRndcZjwIKnq2dWrKQ/bbd93d44-f144-4beb-3e84-2347245c2700/public","https://imagedelivery.net/0LpbCRndcZjwIKnq2dWrKQ/d835e7e8-8aee-4135-5804-8af5573c8100/public"
"UCLmeWUramUY8YAQ6A40Ionw","ë¬´ì§€ë§‰ì§€í•œ ë§‰ë¬´å®¶ë„¤","ë¬´ì§€ì™€ ë§‰ì§€ì˜ ì¼ìƒì„ ë‹´ì€ ë§‰ë¬´å®¶ë„¤ ì±„ë„ì…ë‹ˆë‹¤ :-)

ğŸ‘¦ğŸ» ë¬´ì§€ (muji)
- ìƒì¼ : 2017.06.29
- ì„±ë³„ : ë‚¨ (male)

ğŸ‘¶ğŸ¾ ë§‰ì§€ (makji)
- ìƒì¼ : 2019.02.04
- ì„±ë³„ : ë‚¨ (male)


ğŸ’Œ ë¹„ì§€ë‹ˆìŠ¤ ë¬¸ì˜ : mujimagji@gmail.com

ì¸ìŠ¤íƒ€ê·¸ë¨
- www.instagram.com/muuuuuuji","@mujimakji","2019-05-09 12:32:00","https://yt3.ggpht.com/ytc/AGIKgqOSWTha5HI8-gr_y2BhIfVhhInVYGMAyWmedKAL=s88-c-k-c0x00ffffff-no-rj","[46, 51]","ê³ ì–‘ì´ ë¬´ì§€ë§‰ì§€ ë¬´ì§€ ë§‰ì§€ muji makji mujimakji","https://yt3.googleusercontent.com/2Nf4_sMpLpTLkmble5XewJYiizGe950EtB_xoNBd0-vUDoRbOosFeWML1hXAAdQ4bNdxDrHEeg","UULmeWUramUY8YAQ6A40Ionw","130498292","534000","328","10890485","277895","4504","silver","2.59","67.98","363016","9263","150","1:39","1:2420","https://imagedelivery.net/0LpbCRndcZjwIKnq2dWrKQ/6cedf737-781d-41a7-4203-eeeffab4f600/public","https://imagedelivery.net/0LpbCRndcZjwIKnq2dWrKQ/dbe9442f-7526-4d75-5972-2ec842826000/public"
"UCKUz_7LxgiMXa0lrwzzsKTQ","ê²€ì€ê³ ì–‘ì´ ë‹¤í™ Blackcat Dahong","2019ë…„ 9ì›” 28ì¼ êµ¬ì¡°ëœ ê¸¸ê³ ì–‘ì´ì—ì„œ ìœ ëª… ì—°ì˜ˆë¬˜ê°€ ëœ ë‹¤í™ì´ 
ì´ˆë³´ì§‘ì‚¬ ìˆ˜í™ì•„ë¹ ì™€ í–‰ë³µí•˜ê³  ì•Œì½©ë‹¬ì½©í•œ ì¼ìƒì„ ê³µìœ í•©ë‹ˆë‹¤ - í™ !
#ê²€ì€ê³ ì–‘ì´ #ê¸¸ê³ ì–‘ì´ #ì½”ë¦¬ì•ˆìˆí—¤ì–´  #ë‹¤í™ì´ #ì²œì¬ê³ ì–‘ì´  #ë°•ìˆ˜í™ 

ë¬¸ì˜  blcat@dahongerang.com","@blackcatdahong1027","2020-12-23 06:22:43.741668","https://yt3.ggpht.com/pvn-Fk5KSWv8Y3eoR4SfIQEwEnyi5UzyY5CoBuiKxLenWBXmNfnnxqRLsq5BVNLjCjMQTbgPig=s88-c-k-c0x00ffffff-no-rj","[46, 51]","#ë°˜ë ¤ë™ë¬¼ #ê³ ì–‘ì´ #ê²€ì€ê³ ì–‘ì´ #blackcat #catvideo #cat #luckyblackcat ë°•ìˆ˜í™ ë‹¤í™ì´","https://yt3.googleusercontent.com/euFEcZZXBVBJ8BYIMgOQfITFL-L7FVNZFBAicKV_dxdWA0Tv9jkCMdlc6V6tiFEAZNNwz4jVwA","UUKUz_7LxgiMXa0lrwzzsKTQ","45500493","531000","79","4724610","247478","16418","silver","5.59","29.66","157487","8249","547","1:19","1:287","https://imagedelivery.net/0LpbCRndcZjwIKnq2dWrKQ/43a502db-20cd-4d7b-e769-7b91fa06c800/public",""
"UCNhofiqfw5nl-NeDJkXtPvw","ë¹ ë‹ˆë³´í‹€ Pani Bottle","ì—¬í–‰í•©ë‹ˆë‹¤.","@panibottle","2012-03-19 04:06:59","https://yt3.ggpht.com/lh7GiITaDKNdh6hi2GasqJrfi6AqDaj0qqR1UvVWGZPjltJmYzuftmA65KDy_Tltu6S8k82WkQ=s88-c-k-c0x00ffffff-no-rj","[46, 63]","""ì—¬í–‰ ìœ íŠœë²„"" ""ì¸ë„ ì—¬í–‰ ìœ íŠœë¸Œ"" ""ì˜¤í† ë°”ì´ ì—¬í–‰"" ""ì¸ë„ ì—¬í–‰"" ""ë™ë‚¨ì•„ ì—¬í–‰"" ""Around the World"" ""Pani bottle Travel"" ""ì„¸ê³„ ì—¬í–‰ ìœ íŠœë¸Œ"" ""ì„¸ê³„ ì—¬í–‰ ìœ íŠœë²„"" ""ì—¬í–‰ ìœ íŠœë¸Œ"" ì—¬í–‰ ì¤‘ì•™ì•„ì‹œì•„ ì¸ë„ ê°ì","https://yt3.googleusercontent.com/9149IzjSqDEwos7sGXwLot_MmqJEsPLew_UuEeAkJazm61vlJ2wo_gA4QHeyphFdcFziEYol","UUNhofiqfw5nl-NeDJkXtPvw","398108191","1780000","294","56603997","953595","81237","gold","1.83","106.0","1886799","31786","2707","1:59","1:697","https://imagedelivery.net/0LpbCRndcZjwIKnq2dWrKQ/bd0782c0-3739-4fb4-ee1e-2d9a47e5a100/public","https://imagedelivery.net/0LpbCRndcZjwIKnq2dWrKQ/d8f832d1-aa1a-43c4-0684-d42ed3f4eb00/public"
"UClRNDVO8093rmRTtLe4GEPw","ê³½íŠœë¸Œ","ì„¸ê³„ì—¬í–‰ ë° ìŒì‹íƒë°©ì„ ëª©í‘œë¡œ í•˜ëŠ” ì±„ë„ì…ë‹ˆë‹¤.
ë¬¸ì˜ 
insta : @jbkwak
mail : kwaktube@sandboxnetwork.net","@jbkwak","2018-10-16 17:14:53","https://yt3.ggpht.com/IiZfu92VbzJoI3gcw7NwyQTXBSPgk9-GBIwVj8tGEex-9uozEIvfDX2N6DNJVh15Uh1yy42VaA=s88-c-k-c0x00ffffff-no-rj","[46]","","https://yt3.googleusercontent.com/3eqGnk0gBggGozF5G67kXs9yDOIMvIiplTRxmEMlh4-entWMq-ALDwU8ZHoDiaWivYAdbj1-6Q","UUlRNDVO8093rmRTtLe4GEPw","345000068","1600000","300","40769164","678976","59538","gold","1.81","84.94","1358972","22632","1984","1:60","1:684","https://imagedelivery.net/0LpbCRndcZjwIKnq2dWrKQ/a49ddbaa-6417-48d3-1136-35b648706000/public","https://imagedelivery.net/0LpbCRndcZjwIKnq2dWrKQ/b956ac15-7509-4678-8899-de5a15298500/public"
"UCdGwDjTgbSwQDZ8dYOdrplg","Soon Films ìˆœí•„ë¦„","ë§›ìˆëŠ” ê¸¸ê±°ë¦¬ìŒì‹ì„ ì†Œê°œí•˜ëŠ” í‘¸ë“œì±„ë„ ìˆœí•„ë¦„(Soon Films)ì…ë‹ˆë‹¤.
ì „ì„¸ê³„ ë‹¤ì–‘í•œ ê¸¸ê±°ë¦¬ìŒì‹ë“¤ì„ ì†Œê°œí•˜ëŠ” ê²ƒì„ ëª©í‘œë¡œ í•˜ê³  ìˆìŠµë‹ˆë‹¤.
ì¦ê±°ìš´ í•˜ë£¨ ë˜ì„¸ìš”~^^

ë¬´ë£Œ ì´¬ì˜ ë¬¸ì˜ : soonfilms@naver.com","@soonfilms","2014-09-01 08:15:59","https://yt3.ggpht.com/ytc/AGIKgqOtA6pi1_2iOSyCppNO4MsvxdI3DY3u94QzPr3f0g=s88-c-k-c0x00ffffff-no-rj","[46, 49]","ê¸¸ê±°ë¦¬ìŒì‹ ì†Œê°œ ""street food"" ""Ï†Î±Î³Î·Ï„ÏŒ Ï„Î¿Ï… Î´ÏÏŒÎ¼Î¿Ï…"" straatvoedsel ""Gade mad"" StraÃŸenessen ""ÑƒĞ»Ğ¸Ñ‡Ğ½Ğ°Ñ Ğ·Ğ°Ğ±ĞµĞ³Ğ°Ğ»Ğ¾Ğ²ĞºĞ°"" ""makanan jalanan"" ""thá»©c Äƒn Ä‘Æ°á»ng phá»‘"" ""à¦°à¦¾à¦¸à§à¦¤à¦¾à¦° à¦–à¦¾à¦¬à¦¾à¦°"" gatumat ""comida de la calle"" ""Ø´Ø§Ø±Ø¹ Ø§Ù„Ø·Ø¹Ø§Ù…"" ""cibo di strada"" ""jalan makanan"" å±‹å°ã®é£Ÿã¹ç‰© è¡—å¤´é£Ÿå“ è¡—é ­é£Ÿå“ à¸­à¸²à¸«à¸²à¸£à¸‚à¹‰à¸²à¸‡à¸—à¸²à¸‡ ""sokak yemeÄŸi"" ""comida de rua"" ""l'alimentation de rue"" gyorskaja ""××•×›×œ ×¨×—×•×‘"" ""à¤¸à¤¡à¤¼à¤• à¤•à¤¾ à¤–à¤¾à¤¨à¤¾"" ìˆœí•„ë¦„ ""soon films"" soonfilms","https://yt3.googleusercontent.com/w-0U8sPQNqe6ldxet6RYyooAV1qbe5iR7YNDpnZozAxwjM9_sOJcY0ixG_NOH36vsft5C7SdAvI","UUdGwDjTgbSwQDZ8dYOdrplg","1040523885","1530000","1073","8337119","39322","1407","gold","0.49","18.16","277903","1310","46","1:212","1:6041","https://imagedelivery.net/0LpbCRndcZjwIKnq2dWrKQ/46d775a3-f110-4dd2-23b2-dcea82151a00/public","https://imagedelivery.net/0LpbCRndcZjwIKnq2dWrKQ/0d001bd7-3b4e-45ef-d169-420dae574800/public"
"UCNmcTEOEOW89YtxIPQG9qFg","King Food í‚¹í‘¸ë“œ","ì—¬ëŸ¬ë¶„ ê°ì‚¬í•©ë‹ˆë‹¤.
ì„¸ìƒì— ëª¨ë“  íŠ¹ë³„í•œ ìŒì‹ì„ ì—¬ëŸ¬ë¶„ê³¼ ê³µìœ í•˜ê³ ì‹¶ì€ í‚¹í‘¸ë“œì…ë‹ˆë‹¤
ëŠ˜ ë†€ë¼ìš´ ìŒì‹ ì´ì•¼ê¸°ë¡œ ì—¬ëŸ¬ë¶„ì˜  ëˆˆê³¼ ê·€, ì…ì„ ì¦ê²ê²Œ í•´ë“œë¦¬ê² ìŠµë‹ˆë‹¤.
ë§ˆìŒì€ í–‰ë³µí•˜ê³   
ëª¸ì€ ê±´ê°•í•˜ê²Œ~!!
You are a king food family.

Thank you, everyone.
We are """"King food"""" that want to share with you all the special food in the world.
We will always make you happy with amazing food stories.
I wish you good health, happiness, and peace
You are a king food family.","@kingfood","2017-09-08 01:14:05","https://yt3.ggpht.com/5-kVXMGtSyGvNDZFxFxcK1t6EVcgYm860nwCye6r9nTUu-MHno5oJL9UzomrKwKoyMbyn33kFA=s88-c-k-c0x00ffffff-no-rj","[46, 49]","ê¸¸ê±°ë¦¬ìŒì‹ korean street food ""korean street food"" ""street food"" ""korean street food sweets"" ""korean street food waffle"" ""korean street food toast"" ""korean street food recipe"" ""korean street food dessert"" ""korean street food chicken"" ""korean street food fish cake"" ""korean street food noodles"" ""korean street food tteokbokki"" ""Korea Ice Cream Factory"" ""Korea ice cream"" ""Korean food factory"" ""korean street food cake"" ""korean street food ice cream""","https://yt3.googleusercontent.com/aUII9rB00Z-6hzuk6moZroc_t7n7PwwaVlCg0pQZx_Q1pC9FWD466ax6YAVBp7XZXYhjQwfxZao","UUNmcTEOEOW89YtxIPQG9qFg","597437516","1440000","800","3663275","21531","826","gold","0.61","8.48","122109","717","27","1:170","1:4522","https://imagedelivery.net/0LpbCRndcZjwIKnq2dWrKQ/74f65f21-9adb-4784-736a-ad894e92f700/public","https://imagedelivery.net/0LpbCRndcZjwIKnq2dWrKQ/4579e6c2-e4b2-465f-d317-57c59c7bd300/public"
"UCeyU98dnBQ18KdThUqSvBtA","Rirang OnAir","ì—¬í–‰í•˜ëŠ” girl camper Rirang","@rirangonair","2018-09-12 10:49:54","https://yt3.ggpht.com/ytc/AGIKgqN6DhNabnUwq1A9GParoNZmVkZzCEGFKK3_PmzLbA=s88-c-k-c0x00ffffff-no-rj","[46, 63]","ë°±íŒ¨í‚¹ CAMPING CAMPER TOURIST ìº í•‘ ë°±íŒ¨ì»¤ ì—¬ìë°±íŒ¨ì»¤ backpacking backpacker ìº í¼ bushcraft ë¶€ì‰¬í¬ë˜í”„íŠ¸ ì—¬í–‰ travel ê±¸ìº í¼ koreancamping korea korean","https://yt3.googleusercontent.com/gIizI-ye8go889gsyUhMEFEcbzNg1bB1GFz3CEE95bDcDiMdYW1dZasgMTv1i52sSX9MCC0p","UUeyU98dnBQ18KdThUqSvBtA","200924994","1280000","258","25093651","469262","26930","gold","1.98","65.35","836455","15642","897","1:53","1:932","https://imagedelivery.net/0LpbCRndcZjwIKnq2dWrKQ/7cf58a2e-cbb7-4c7b-555b-02a040962a00/public","https://imagedelivery.net/0LpbCRndcZjwIKnq2dWrKQ/0a49152c-ef77-4352-4dcc-968208f5bd00/public"
"UClrGKMnK9lvo83f_vl-O-RQ","Kim Miso","ê¹€ë¯¸ì†Œâ™¥ìí‹°ì‚¼ 
ÙŠÙˆÙ…ÙŠØ§ØªÙŠ ÙÙŠ ÙƒÙˆØ±ÙŠØ§ Don't Dream For it , Work For it Youtube","@kimmiso","2015-06-03 13:15:18","https://yt3.ggpht.com/s4s4qaFmCjgk3Cv5ueOLJFaZU9dmkFBqTJFLzyhx9nvphFrFKNprpfbuqyW21mNIM-wfQEsBBRw=s88-c-k-c0x00ffffff-no-rj","[40, 46]","","https://yt3.googleusercontent.com/yrDOHNKlNuvsZligX9XFcP7P2wZzwJW5Olg5HycgUCkhR1a6EPAbl2jEq9oBZnhYMil_XtHfiw","UUlrGKMnK9lvo83f_vl-O-RQ","112256534","1250000","477","3543981","149721","12982","gold","4.59","9.45","118132","4990","432","1:23","1:273","https://imagedelivery.net/0LpbCRndcZjwIKnq2dWrKQ/0977633e-5fd8-4678-42d4-3f5b7f1db200/public","https://imagedelivery.net/0LpbCRndcZjwIKnq2dWrKQ/17e3a710-43cb-4bf1-216f-e393224e0a00/public"
"UC4yDkTiEcy3hJ9LfCdx9Pkw","í”¼ê¸°ë³´ì´ PiggyBoy","ì§ì ‘ ë°œë¡œ ë›°ë©° ë§›ìˆëŠ” ìŒì‹ì„ ì†Œê°œí•˜ëŠ” í”¼ê¸°ë³´ì´ì…ë‹ˆë‹¤.
í•­ìƒ ë” ë‚˜ì€ ì˜ìƒì„ ë§Œë“¤ë„ë¡ ë…¸ë ¥í•˜ê² ìŠµë‹ˆë‹¤.
ì˜ìƒ ì¬ë°Œê³  ë§›ìˆê²Œ ë´ì£¼ì‹œë©´ ê°ì‚¬í•˜ê² ìŠµë‹ˆë‹¤!

 * êµ¬ë…ê³¼ ì¢‹ì•„ìš”ëŠ” ì €ì—ê²Œ í° í˜ì´ ë©ë‹ˆë‹¹ ^_^ *

 * ë¬¸ì˜ : piggyboy44@gmail.com

Hi ! 
I am PiggyBoy who is making videos about delicious food in the world with high quality.
I hope you all enjoy watching my videos deliciously.

 * Don't forget to subscribe me lol ^_^ *","@piggyboy","2019-05-10 09:34:49","https://yt3.ggpht.com/ytc/AGIKgqNXkyHIjL5UMgpXGJ_j3lKabZ-9s8bMrJZXLmsQsQ=s88-c-k-c0x00ffffff-no-rj","[46, 49]","""í•œêµ­ ê¸¸ê±°ë¦¬ ìŒì‹"" ""korean street food"" foodie yummy ë§›ì§‘","https://yt3.googleusercontent.com/vZ3H1dkH-3mx5KlnIITbcJT5o123ARX1dEZ-mgYnrW9xnZB4v9-IiHJqyp2LFXYi7Vjc0_gLBFo","UU4yDkTiEcy3hJ9LfCdx9Pkw","389737521","1170000","632","4314144","33039","796","gold","0.78","12.29","143804","1101","26","1:130","1:5530","https://imagedelivery.net/0LpbCRndcZjwIKnq2dWrKQ/2471993c-12bf-4d49-5a16-9cbbb2fb9100/public","https://imagedelivery.net/0LpbCRndcZjwIKnq2dWrKQ/25f2153c-6b45-45a9-289b-b07914bbcb00/public"
"UCLvaHVogti2o0AkXoNZzeKA","ì½”ì´í‹°ë¹„ KOITV","","@koitv17","2015-07-02 10:43:09","https://yt3.ggpht.com/LCFK5NzieaiBblP5APMsaBPMhZE5yeS3TfDPzTI51PWwSd8GZUoP0-IybcVt34oP8llB6vrOIUo=s88-c-k-c0x00ffffff-no-rj","[46, 49]","","","UULvaHVogti2o0AkXoNZzeKA","964445180","1140000","1812","7025740","320650","17403","gold","4.81","20.54","234191","10688","580","1:21","1:403","https://imagedelivery.net/0LpbCRndcZjwIKnq2dWrKQ/be835143-2e09-4a22-8fe4-c024629fe500/public","https://imagedelivery.net/0LpbCRndcZjwIKnq2dWrKQ/f3389cee-aab6-4f1f-57eb-6c9ece69f900/public"
"UC7Krez5EI8pXKHnYWsE-zUw","í¬ë¦¬ìŠ¤ [êµ¬ ì†Œë ¨ì—¬ì]","ê°œì†Œë¦¬ì—ë„ ì² í•™ì´ ìˆë‹¤, ëŒ€í•œë¯¼êµ­ 1íƒ€ ê°œì†Œë¦¬ ì˜ˆìˆ ê°€
êµ­ë½•ì´ë€ ë¬´ì—‡ì¸ê°€? ëŒ€í•œë¯¼êµ­ 1íƒ€ êµ­ë½• ê¸°ìˆ ì
í¬ë¦¬ìŠ¤ êµìˆ˜ì…ë‹ˆë‹¤.

ê³ ê¸‰ ì •ë³´ : https://smartstore.naver.com/undertale
ì¸ìŠ¤íƒ€ê·¸ë¨ : https://instagram.com/goodboykris","@seoulbitch","2019-07-28 08:13:15","https://yt3.ggpht.com/ytc/AGIKgqNfEr5Z1y-UDfmam_2Sj0GWVmiT8FRByri5SKzAaw=s88-c-k-c0x00ffffff-no-rj","[46]","ì†Œë ¨ì—¬ì ì™¸êµ­ì¸ ì™¸êµ­ì¸ì—¬ì í•´ì™¸ë°˜ì‘ ì™¸êµ­ì¸ë°˜ì‘ êµ­ë½• russiangirl ëŸ¬ì‹œì•„ì—¬ì ëŸ¬ì‹œì•„ southkorea soviet","https://yt3.googleusercontent.com/FB29DrRZRBPzHTH5kb8yEanNdWrQaF76lnobBdlqUTNC-1mkg-btjUeJn6KNq6l0OIS0JB6fAw","UU7Krez5EI8pXKHnYWsE-zUw","191072223","1110000","151","31951514","731092","122601","gold","2.67","95.95","1065050","24369","4086","1:43","1:260","https://imagedelivery.net/0LpbCRndcZjwIKnq2dWrKQ/fabe79c0-f13e-448f-dd87-7190a6fbf100/public","https://imagedelivery.net/0LpbCRndcZjwIKnq2dWrKQ/9140bf81-4236-44a5-81bd-6ab631283c00/public"
"UCACB9uLz5-62dEfpd8c5m7A","YumYumì–Œì–Œ","ì•ˆë…•í•˜ì„¸ìš” ì–Œì–Œì…ë‹ˆë‹¤
ì–¸ì œë‚˜ ì‹œì²­í•´ ì£¼ì…”ì„œ ê°ì‚¬ë“œë¦½ë‹ˆë‹¤
êµ¬ë…ê³¼ ì¢‹ì•„ìš”ëŠ” ì €í¬ì—ê²Œ í°í˜ì´ ë©ë‹ˆë‹¤ ğŸ™ğŸ»

Our content is discovering the rare visual food or street food around the world 
We are focusing on the food as well as how to cook.
""""Subscribe and Like"""" is a big inspiration to us ğŸ™ğŸ»

Uploading session

1 Video Every 3 Days !","@yumyum_food","2020-05-27 08:37:12.401045","https://yt3.ggpht.com/K0VpOw7Vb3Nu-R6H15KYp0dLczt39F6dY_BLPB7-IAMSBb4kCxu5_fa7ZwXD1gnOT0ErTfBAxw=s88-c-k-c0x00ffffff-no-rj","[46, 49]","""yum yum"" ""yum yumì–Œì–Œ"" ì–Œì–Œ streetfood ""korean food"" recipe ""recipe to"" ë ˆì‹œí”¼ ë§›ìˆëŠ”ìŒì‹ yummy delicious food ìŒì‹ ë§›ì§‘ kfood ""k food"" ë–¡ë³¶ì´ ë‹­ê°ˆë¹„ ""Yum yum"" ì–Œì–Œ kpop Bulgogi ""japan street food"" seafood tuna ""tuna cutting"" sashimi sushi ""japanese food"" tokyo japan ""japanese street food"" seafood octopus squid eggs cheese buns pork tokyo japan pork ""pork chop"" ""fried pork"" ""fried pork chops"" steak ì—¬í–‰ ì—¬í–‰ë§›ì§‘ ì„œìš¸ë§›ì§‘ ì•ˆì–‘ë§›ì§‘ ëŒ€êµ¬ë§›ì§‘ ì¸ì²œë§›ì§‘ ìˆ˜ì›ë§›ì§‘ ìš©ì¸ë§›ì§‘ ëŒ€ì „ë§›ì§‘ ê´‘ì£¼ë§›ì§‘ ì œì£¼ë„ë§›ì§‘ ì‹œì¥","https://yt3.googleusercontent.com/6mPHPLqLnWcY92Vr-NnrljtTR73j0h5f5BosNhODc8GC2tgAkAl8qiMFkeHaVTfl5e_MrdiY","UUACB9uLz5-62dEfpd8c5m7A","410979927","1040000","779","4090454","25699","641","gold","0.64","13.11","136348","856","21","1:159","1:6492","https://imagedelivery.net/0LpbCRndcZjwIKnq2dWrKQ/ceca4b33-42c4-4c47-a070-307d1dc48c00/public","https://imagedelivery.net/0LpbCRndcZjwIKnq2dWrKQ/248c4d06-9c2b-48f4-91eb-398ab249d400/public"
"UCKjq5UrlxXqb7EgPwZl5JNg","í‘¸ë“œìŠ¤í† ë¦¬ FoodStory","ì—¬ëŸ¬ë¶„ë“¤ì—ê²Œ í•­ìƒ ì¢‹ì€ ì˜ìƒì„ ë³´ì—¬ë“œë¦´ ìˆ˜ ìˆë„ë¡ ë…¸ë ¥í•˜ëŠ” FoodStoryì…ë‹ˆë‹¤

Thank you so much for Watching my Videos
Have a good time and feel free to Subscribe my Channel

â€¢ E-Mail
ğŸ“§ dlrtm238@naver.com","@foodstory95","2020-09-26 05:53:41.127309","https://yt3.ggpht.com/Kf6d0LYjCnvxcItID5NKhC2AskwPnG0HGocRBzX885h5ArVOvxUl-kP83EGv0V7740HuOdSIsQ=s88-c-k-c0x00ffffff-no-rj","[46, 49]","ê¸¸ê±°ë¦¬ìŒì‹ ""korean street food"" ""Korean Street Food"" ""street food"" ""Street Food"" ""korea street food"" ""Korea Street Food"" í‘¸ë“œìŠ¤í† ë¦¬ ê³µì¥ ""ì‹í’ˆ ê³µì¥"" ìŒì‹ í‘¸ë“œ ë–¡ë³¶ì´ ìˆœëŒ€ íŠ€ê¹€ ì–´ë¬µ ì˜¤ë… ê³ ê¸° ì†Œê³ ê¸° ê³¼ì ê°„ì‹ ì¼€ì´í¬ ë¹µ ë–¡ ë””ì €íŠ¸ ì´ˆì½œë¦¿ Street street foodstory ëª°ì•„ë³´ê¸° ëŒ€ëŸ‰ìƒì‚° ""food factory"" factory ""korean food"" ""Korean Food"" Dessert Cake cake dessert korean food asmr korea ë¶„ì‹ ëˆê¹ŒìŠ¤ recipe chicken rice yummy yammy pork travel snacks bread êµ­ìˆ˜ noodles ""ë¹µ ê³µì¥"" í–„ë²„ê±° ë·”í˜ ""í•œì‹ ë·”í˜"" í”¼ì pizza","https://yt3.googleusercontent.com/yar1XqgOVUYyDduKqnvfgi1t2tbDu-Gl-BnYm8OlQg5_PtstF_6y6YS2zT6Xti_T4lfBhZXpRA","UUKjq5UrlxXqb7EgPwZl5JNg","680129698","1030000","697","6292159","26083","892","gold","0.43","20.36","209738","869","29","1:241","1:7232","https://imagedelivery.net/0LpbCRndcZjwIKnq2dWrKQ/7e728e81-dee2-41f4-1054-3f242b457100/public","https://imagedelivery.net/0LpbCRndcZjwIKnq2dWrKQ/0f2b0933-1d0c-4b6b-592f-6218e66a9000/public"
"UCsIAfWi3uxjnQPpdvBgBI4Q","Family Kim íŒ¨ë°€ë¦¬ê¹€","ì €í¬ëŠ” ë¸Œë¼ì§ˆê³¼ í•œêµ­ì—ì„œ ì‚´ì•„ê°€ëŠ” íŒ¨ë°€ë¦¬ê¹€ì…ë‹ˆë‹¤
ì†Œì†Œí•˜ê²Œ ì‚¬ëŠ” ì´ì•¼ê¸°ë¥¼ ì˜¬ë¦¬ê³  ìˆìŠµë‹ˆë‹¤
OlÃ¡ somos Family Kim,
somos um casal internacional, coreano e brasileira!

ì—°ë½í•˜ëŠ”ê³³: jhaemil@naver.com","@familykim","2017-07-09 17:57:46","https://yt3.ggpht.com/138mzCpXOeMmLkwEdCGIbOo1wCpkfPdShFX6ZnQyo6Y5L7Jcega97ev3q-Z7gsEP64teuMvnN2I=s88-c-k-c0x00ffffff-no-rj","[46]","","https://yt3.googleusercontent.com/PZyVG3_Mo-RU7NHxB_FkExdj2IDIReJYPpAOO-XsqHrMtfyAyxWXBDSuIGZVquBRyNdvvA0","UUsIAfWi3uxjnQPpdvBgBI4Q","194227199","1020000","299","16167682","718079","29759","gold","4.63","52.84","538922","23935","991","1:22","1:543","https://imagedelivery.net/0LpbCRndcZjwIKnq2dWrKQ/232349fc-e60e-4e0d-7d3b-c20e71a99200/public","https://imagedelivery.net/0LpbCRndcZjwIKnq2dWrKQ/a573f016-b51c-4b26-d762-8e441f23a300/public"
"UC9cCBxBAQW2CzLYeT20q49A","ì§€ì‹í•´ì ë‹¨","ê¶ê¸ˆí•œ ê±°? êµ¬ë…ê³¼ ì¢‹ì•„ìš”ë§Œ ëˆŒëŸ¬ì£¼ë©´ ìš°ë¦¬ê°€ ì•Œì•„ì„œ ì•½íƒˆí•´ì¤„ê²Œ!

ì•ˆë…•í•˜ì„¸ìš”, ì˜¨ê°– ì§€ì‹ì„ ì•½íƒˆí•´
ì˜ìƒìœ¼ë¡œ ë§Œë“œëŠ” ì§€ì‹í•´ì ë‹¨ì…ë‹ˆë‹¤!
ì—­ì‚¬ì™€ ê´€ë ¨ëœ ì—¬ëŸ¬ ë¶„ì•¼ì˜ ì–•ê³  ë„“ì€ ì§€ì‹ë“¤ì„
ì¬ë¯¸ìˆëŠ” ì˜ìƒìœ¼ë¡œ ë§Œë“¤ê³  ìˆìŠµë‹ˆë‹¤.
ì •ë³´ì˜ ë°”ë‹¤ì—ì„œ í•´ì ì²˜ëŸ¼
ë‹¥ì¹˜ëŠ” ëŒ€ë¡œ ì§€ì‹ì„ ì•½íƒˆí•˜ì—¬
ì—¬ëŸ¬ë¶„ë“¤ê³¼ ë‚˜ëˆ„ê² ìŠµë‹ˆë‹¤.

ê°ì‚¬í•©ë‹ˆë‹¤~!

contact) pirates.ed.kor@sandboxnetwork.net
DM) https://www.instagram.com/studio_pirates","@studio_pirates","2020-05-15 15:43:09.566440","https://yt3.ggpht.com/ytc/AGIKgqMAc8AwGwLsWBDwaBc0KqLu9e0m-uvwzE2ppOXcaA=s88-c-k-c0x00ffffff-no-rj","[16, 26, 56, 62]","ì—­ì‚¬ ë¬¸í™” ìƒì‹ í•´ì  í•´ì ë‹¨ ì§€ì‹ì±„ë„ ì§€ì‹ì±„ë„e ì—­ì‚¬ì±„ë„","https://yt3.googleusercontent.com/qxpfVbopB2Qz0TyUHxOvVCZnRWJUwsORJ9aO8zalF0tYLETniDq5sbpZ4pf8XTvwavVrDKNs","UU9cCBxBAQW2CzLYeT20q49A","117819058","944000","167","14591725","220375","26737","silver","1.69","51.52","486390","7345","891","1:66","1:545","https://imagedelivery.net/0LpbCRndcZjwIKnq2dWrKQ/dadba373-1a76-49e1-1ce1-9117a4730600/public","https://imagedelivery.net/0LpbCRndcZjwIKnq2dWrKQ/880e5968-d3d6-4444-3275-c64d81825400/public"
"UCsLoTwOpElvEixfF1-O90rA","EBS ì»¬ë ‰ì…˜ - ë¼ì´í”„ìŠ¤íƒ€ì¼","EBS ì•„ì¹´ì´ë¸Œ íƒˆíƒˆ í„¸ì–´ ì¬êµ¬ì„±í•œ EBS ì½˜í…ì¸ ì˜ ëª¨ë“  ê²ƒì„ ê³µê°œí•©ë‹ˆë‹¤ğŸ“º

ë””ì§€í„¸ ì•„ì¹´ì´ë¸Œ (E-DAS)ì— ì¶•ì ëœ 31ë§Œ í¸ì˜ TV í”„ë¡œê·¸ë¨ì—ì„œ ì„ ë³„í•œ í•µì‹¬ í´ë¦½ë“¤ì„ í…Œë§ˆë³„ ì»¬ë ‰ì…˜ìœ¼ë¡œ ì œê³µí•©ë‹ˆë‹¤. 
ì—¬í–‰ê³¼ ìŒì‹, ê±´ì¶•ê³¼ ë¼ì´í”„ìŠ¤íƒ€ì¼, ê±´ê°•ê³¼ ì˜í•™ ìƒì‹, ìì—°ê³¼ í™˜ê²½ ë“±ì„ ì£¼ì œë¡œ ë‹¤ì–‘í•œ íë ˆì´ì…˜ì„ ì¦ê²¨ë³´ì„¸ìš”! ğŸ’¡

Chosen among more than 310,000 digitalized sources from EBS archive, EBS Collection gives you exclusive access to intriguing and informative video clips under exquisite curation such as travel, architecture, health, natural science and more.","@ebs.lifestyle","2017-05-24 10:39:14","https://yt3.ggpht.com/ytc/AGIKgqOONnwiJRNwr5rb0100EYZ2h71oBzCMcxqKIAecVQ=s88-c-k-c0x00ffffff-no-rj","[46, 49, 50]","""EBS ì»¬ë ‰ì…˜"" EBS ì»¬ë ‰ì…˜ collection ""ebs collection"" culture tradition ì¸ê°„ê·¹ì¥ documentary humanism ë‹¤í ë‹¤íë©˜í„°ë¦¬","https://yt3.googleusercontent.com/0twOy8nT20z-WVokIgnZJLUSAAlg1re4wc2h3dMuGx9PrVDSIDPrNYNT_CBGX1y6l6KyAwNi","UUsLoTwOpElvEixfF1-O90rA","618292676","928000","3635","3833495","32069","1475","silver","0.88","13.77","127783","1068","49","1:119","1:2607","https://imagedelivery.net/0LpbCRndcZjwIKnq2dWrKQ/01017ae2-3526-4826-d9dd-839463c0eb00/public","https://imagedelivery.net/0LpbCRndcZjwIKnq2dWrKQ/43f3cdd1-c475-4e54-8965-6de6cab69d00/public"
"UCZe_uzZ6VLMXtwW2V9-VvpQ","Sophie Kim _í•˜ì€","Welcome to my life in all around the world.
I am Sophie Kim from South Korea.
I hope we can share good things, beautiful world in here. :)

ì €ì˜ ì„¸ìƒì— ì˜¤ì‹  ì—¬ëŸ¬ë¶„ í™˜ì˜í•©ë‹ˆë‹¤.
ì €ëŠ” í•œêµ­ì¸, ì†Œí”¼í‚´ì…ë‹ˆë‹¤.
ì¢‹ì€ ê²ƒ, ì•„ë¦„ë‹¤ìš´ ì„¸ìƒì„ ë‚˜ëˆ´ìœ¼ë©´ ì¢‹ê² ìŠµë‹ˆë‹¤. :)","@sophiekim","2013-09-15 06:10:13","https://yt3.ggpht.com/wz4zRjXRUhsTyYfopGpjRcxzcwlQ3jIWszZTxL3PpshvSjtwVr8AdN92m5GlKI_VqUInhAxdt-k=s88-c-k-c0x00ffffff-no-rj","[46, 49, 63]","","https://yt3.googleusercontent.com/4hziWuvv3FxRqX51u25RuHhpWElgHSlvFYbU-kQfbol-pMiX8GLyO2GUgj_TO7VBnnu0luWkniY","UUZe_uzZ6VLMXtwW2V9-VvpQ","29575738","896000","125","4490157","273627","35361","silver","6.88","16.7","149671","9120","1178","1:16","1:127","https://imagedelivery.net/0LpbCRndcZjwIKnq2dWrKQ/d8211923-e1cc-4d75-9750-949e000c8800/public","https://imagedelivery.net/0LpbCRndcZjwIKnq2dWrKQ/b84ab4a3-60dd-446c-b6f4-cba7ea72c500/public"
"UC1EiHIhV6UDRWOY6BaEavdw","ì§‘ë‚˜ê°„í–„ì§€ Wandering Hamzy","â¤ [í–„ì§€]Hamzy ì˜ ì¼ìƒ â¤

ë¹„ì§€ë‹ˆìŠ¤ ë¬¸ì˜:
hamzy3390@gmail.com","@wanderinghamzy","2021-04-17 00:46:12.292248","https://yt3.ggpht.com/ytc/AGIKgqMz8tOBljaewFZ9lake-5Y8EcjvwdnXJzNxgfE2kQ=s88-c-k-c0x00ffffff-no-rj","[46, 49, 63]","ì—¬í–‰ ë§›ì§‘ ë¨¹ë°© ë¸Œì´ë¡œê·¸ ì¼ìƒ ""korean food"" korea bts travel trip mukbang vlog Interesting entertainment yt:cc=on ""travel korea"" hamzy í–„ì§€ ê°•ë¦‰ ""wandering Hamzy"" ì§‘ë‚˜ê°„í–„ì§€ Hamzy í–„ì§€ë¨¹ë°© ""Hamzy mukbang"" ""korea mukbang"" subtitle","https://yt3.googleusercontent.com/0Pwj6ec0hVUHfdTuRBoBkGzLnL6S69AFKp6Z-54AFakt4H8G7_dvNwEMoMkZr61ca_1inKQy","UU1EiHIhV6UDRWOY6BaEavdw","69595862","870000","134","9075744","172785","7417","silver","1.99","34.77","302524","5759","247","1:52","1:1224","https://imagedelivery.net/0LpbCRndcZjwIKnq2dWrKQ/0aff0f82-27a2-4a5d-354a-9878be121500/public","https://imagedelivery.net/0LpbCRndcZjwIKnq2dWrKQ/9be330bf-6abe-4e90-67c4-54a7b1f4bd00/public"
"UC2asXnNIkyag4jZkAgadGlQ","í•˜ì´í‘¸ë”” HiFoodie","ì„¸ìƒì˜ ë§›ìˆëŠ” ìŒì‹ë“¤ê³¼ ê¸¸ê±°ë¦¬ ìŒì‹ì„ ì†Œê°œí•˜ëŠ” í•˜ì´í‘¸ë”” ì…ë‹ˆë‹¤.
ìƒìƒí•˜ê³  ë‹´ë°±í•œ ì˜ìƒì„ ìœ„í•´ ì„±ì‹¤í•˜ê²Œ ì´¬ì˜í•˜ê² ìŠµë‹ˆë‹¤.
ì˜ìƒì´ ì¢‹ì•˜ë‹¤ë©´ ì¢‹ì•„ìš”ì™€ êµ¬ë… ë¶€íƒë“œë¦½ë‹ˆë‹¤ :)
ì‹œì²­í•´ì£¼ì…”ì„œ ê°ì‚¬í•©ë‹ˆë‹¤.","@hifoodie","2020-01-21 02:55:13.857593","https://yt3.ggpht.com/ytc/AGIKgqN8qjRsisbqY-5BeerbhXRd1uRhOQ2n7u8BIOy5=s88-c-k-c0x00ffffff-no-rj","[46, 49]","ê¸¸ê±°ë¦¬ìŒì‹ ""ê¸¸ê±°ë¦¬ ìŒì‹"" ì‹œì¥ ""ì‹œì¥ ë¨¹ê±°ë¦¬"" ""street food"" ""korean street food"" í‘¸ë“œìœ íŠœë²„ í‘¸ë“œìœ íˆ¬ë²„ ""ì œì£¼ ê¸¸ê±°ë¦¬ìŒì‹"" ì§‘ë°¥ ì¿¡ë°© ì§‘ì¿¡ ""korea street food"" KoreaFOOD ì „í†µì‹œì¥ ""ì „í†µì‹œì¥ ê¸¸ê±°ë¦¬ìŒì‹"" í˜¸ë–¡ í¬ë ˆí˜ ì™€í”Œ ê¼¬ì¹˜ ê¼¬ì¹˜êµ¬ì´ ë–¡ ë°©ì–´ ìƒì„ ì†ì§ˆ tasty yummy travel ""ê¸¸ê±°ë¦¬ ìŒì‹ ìœ íˆ¬ë²„"" ""ê¸¸ê±°ë¦¬ ìŒì‹ ìœ íŠœë²„"" ì§‘ë°¥ìš”ë¦¬ ì§‘ë°¥ ë™ë¬¸ì‹œì¥ ""ì œì£¼ ë™ë¬¸ì‹œì¥"" ""ì œì£¼ë„ ì‹œì¥"" ""ì œì£¼ ë§›ì§‘"" ""ì œì£¼ ì¶”ì²œ"" ""ì œì£¼ ì¶”ì²œ ë¨¹ê±°ë¦¬"" ""ì œì£¼ ë¨¹ê±°ë¦¬"" ì¤‘ì•™ì‹œì¥ ì„œìš¸","https://yt3.googleusercontent.com/LYCVkrbFxePeicxsD9eUX4dF_dgOCiM2uiSb2J43EEEU5RrpCpO0Hi2pdII9oxIBHQs4NV9MUA","UU2asXnNIkyag4jZkAgadGlQ","493438104","818000","828","3561820","77467","651","silver","2.19","14.51","118727","2582","21","1:45","1:5653","https://imagedelivery.net/0LpbCRndcZjwIKnq2dWrKQ/a1e1c3bf-0125-4587-b508-9f7c1d198f00/public","https://imagedelivery.net/0LpbCRndcZjwIKnq2dWrKQ/9a40bdc5-2a61-464c-c792-74ee897e4200/public"
"UCvuwlY4fWkWMuzRkj5MAK9Q","ì´ˆë§ˆë“œ CHOMAD","ì—¬í–‰ ìœ íŠœë²„ ì´ˆë§ˆë“œì…ë‹ˆë‹¤.


ë¬¸ì˜ : choco8977@naver.com
ì¸ìŠ¤íƒ€ê·¸ë¨ : kcw.96","@chomad","2018-07-13 14:22:33","https://yt3.ggpht.com/ytc/AGIKgqMJc-LQlyMww8Z5elyrnqPMRul_LWUN9BVLxE-p3w=s88-c-k-c0x00ffffff-no-rj","[46, 63]","ì—¬í–‰","https://yt3.googleusercontent.com/tWJhjxXCjGu6aPyVamRUcFfVcSzbfAyTWRoQ8FbOjWiMCjiQB_ViAhefHKf5QWO41VFnphM","UUvuwlY4fWkWMuzRkj5MAK9Q","33064350","792000","374","1386747","49806","4996","silver","3.95","5.84","46224","1660","166","1:27","1:278","https://imagedelivery.net/0LpbCRndcZjwIKnq2dWrKQ/7063a7ab-b9b0-42be-5751-2e17a89d2500/public","https://imagedelivery.net/0LpbCRndcZjwIKnq2dWrKQ/7f6d8dd2-0904-4143-c0cd-4e7fcd559e00/public"
"UC084zOc5knHoHr81teIziwQ","Tasty Travel ë§›ìˆëŠ” ì—¬í–‰","Tasty travel  YouTube channel is an introduction to travel information and local food from around the world. 
Have a nice time. Thank you.","@tastytravel","2018-11-22 12:27:36","https://yt3.ggpht.com/ytc/AGIKgqM3b8FW47QsjF3rEMUXSGVaHTSVnmWaQ34AJXQq=s88-c-k-c0x00ffffff-no-rj","[46, 49]","food ""street food"" ""Tasty travel"" ìš”ë¦¬ ì—¬í–‰ í•œêµ­ ""korean street food"" ""korean food"" Asian
food Trip Travel ë§›ì§‘ cuisine cooking dessert ë¨¹ë°© ê¸¸ê±°ë¦¬
ìŒì‹ ""Chinese food"" ""Japanese food"" ""street food"" ""ë§›ìˆëŠ” ì—¬í–‰"" ASMR recipe cooking ""food recipes"" ""korean street food"" ""cooking video"" ë¨¹ë°© ASMR ""food street"" ""street food"" ì¹˜í‚¨ í†µë‹­ í† ìŠ¤íŠ¸ ìƒŒë“œìœ„ì¹˜ í–„ë²„ê±° ë²„ê±° ê½ˆë°°ê¸° ì „í†µì‹œì¥ ë¼ë©´ ì‚¼ê²¹ì‚´ BBQ ë°”ë² í K-food ""food videos"" ""fried rice"" ë³¶ìŒë°¥ burger sandwich mukbang cooking noodles ""cooking videos"" ""korean fried chicken""","https://yt3.googleusercontent.com/7dzBEilSOezFHZAjT8V8QmKCeSAaUe3_QQ9qzlHyhDo0fJbn49JZMZxBiFbN47iErY6WSlLDe1I","UU084zOc5knHoHr81teIziwQ","279333159","781000","1024","2843024","28784","800","silver","1.04","12.13","94767","959","26","1:98","1:3644","https://imagedelivery.net/0LpbCRndcZjwIKnq2dWrKQ/a16483b4-7cfe-45f4-ff73-f2298f0ab100/public","https://imagedelivery.net/0LpbCRndcZjwIKnq2dWrKQ/b79be715-1531-4c1d-7abb-02326e7b4000/public"
"UCFw4M1BJYYdN1YtS8SzlDzg","KBSì—¬í–‰ ê±¸ì–´ì„œ ì„¸ê³„ì†ìœ¼ë¡œ","This Youtube channel ã€Everywhere, Kã€‘ is run by Korean Broadcasting System(KBS) TV producers to provide information and enjoyment to travelers all around the world.
Enjoy our travel clips, covering almost everywhere!

please contact us at walkingexpedition@gmail.com","@kbs_travel","2015-03-26 06:36:02","https://yt3.ggpht.com/ytc/AGIKgqMIsgxUBdzPb76wDwiQBoNrWeT8rkfS0YtZ4QvhCA=s88-c-k-c0x00ffffff-no-rj","[46, 63]","ê±¸ì–´ì„œì„¸ê³„ì†ìœ¼ë¡œ ì—¬í–‰ ê±¸ì„¸ TRAVEL ì—¬í–‰ì •ë³´","https://yt3.googleusercontent.com/2YzhX89mmrfKDfgQSSl5_tWfLgj0TGk_-fHOqU0r_ZpXhDP3UlbOjTPRv4Mq9GmFnpObSBNQbw","UUFw4M1BJYYdN1YtS8SzlDzg","283654380","746000","11026","666561","6827","457","silver","1.09","2.98","22218","227","15","1:97","1:1481","https://imagedelivery.net/0LpbCRndcZjwIKnq2dWrKQ/928f3960-79e9-4147-499f-e7fbe4082000/public","https://imagedelivery.net/0LpbCRndcZjwIKnq2dWrKQ/8cdb9e5e-4a7d-4915-9ff3-633f448cdf00/public"
"UClgQvJio7ylGa9kV9b7VzLQ","ìŠ¤ë‚µíƒ€ìš´ SNACKTOWN","ìŠ¤ë‚µ ì½”ë¯¸ë”” ë“€ì˜¤ ìŠ¤ë‚µ-íƒ€ìš´!
SNACK COMEDY DUO
SNACK-TOWN!

ë¹„ì¦ˆë‹ˆìŠ¤ ë¬¸ì˜ : snacktown@metacomedy.net","@snacktown","2022-01-05 08:01:00.245374","https://yt3.ggpht.com/pvEvMlxWEEJOTLMHAyN41AvTObCGfzzzr2AnGXW49EOZuHH2gjy96dLr6DN_8vz2-MPWhCH_Pg=s88-c-k-c0x00ffffff-no-rj","[40, 42]","","https://yt3.googleusercontent.com/6k2tGC78qbItSO0nPGTE3-IgJ1JuJgzaZ6JzmXaY52iMYp39taN5nYbnLzdNRmNzP8c6g_pYFU4","UUlgQvJio7ylGa9kV9b7VzLQ","640559050","495000","564","17490159","701101","8709","silver","4.06","117.78","583005","23370","290","1:24","1:2010","https://imagedelivery.net/0LpbCRndcZjwIKnq2dWrKQ/6b6a1edd-1fb0-40ae-8321-74c96129f500/public","https://imagedelivery.net/0LpbCRndcZjwIKnq2dWrKQ/7ab48213-4609-4dc9-2579-d8446e21b900/public"
"UCJ4ETdbjB1MDhjwEZDtUlBQ","ì¼ì˜¤íŒ”","ì¼ì˜¤íŒ”ì…ë‹ˆë‹¤âœŒï¸âœŒï¸âœŒï¸
'í‚¤ì‘ë‹¤'ê°€ ì¹­ì°¬ì´ ë˜ëŠ” ê·¸ë‚ ê¹Œì§€!ğŸ‘ğŸ‘ğŸ‘","@158mcm","2021-06-27 08:34:42.864769","https://yt3.ggpht.com/-lLSO2ImxgaqtMqfRtzTkCqyzpDbiBAHlWqc4JViHIh-EGHA5D99EQ3S3uIuAfE2yLHFxYow0jo=s88-c-k-c0x00ffffff-no-rj","[40]","ìœ íŠœë¸Œ ë¦¬ë·° ì½”ë¯¹ ì¼ìƒ í‚¤ 158 ë‚¨ì í‚¤ì‘ë‹¤ í¬ë‹¤ ìœ íŠœë²„ ì½”ë¯¸ë”” ë¨¹ë°© ê²Œì„","https://yt3.googleusercontent.com/Xi_IdV8rcNyIN6KgLFIrVS27hoqT918LzpZa8LPVtKbx8wVHWsngaPihAbJR_OzTJdwen4U2","UUJ4ETdbjB1MDhjwEZDtUlBQ","476008569","397000","354","85488748","1510680","14376","silver","1.78","717.79","2849624","50356","479","1:56","1:5949","https://imagedelivery.net/0LpbCRndcZjwIKnq2dWrKQ/3aed6309-2ac9-4bfc-0871-3789afc54900/public",""
"UCaHGOzOyeYzLQeKsVkfLEGA","ì§€ë¬´ë¹„ : G Movie","ì˜í™”&ë“œë¼ë§ˆ&ì˜ˆëŠ¥&íŒ¨ì…˜&ê²Œì„&ì „ìì œí’ˆ&ê´‘ê³ ë¥¼ ë” Gë¦¬ê²Œ.. ëª¨ë“  ê±¸ ì˜í™”ì²˜ëŸ¼..

ì„¸ìƒ ëª¨ë“  ì½˜í…ì¸ ë¥¼ íë ˆì´ì…˜í•˜ë‹¤
ì§€ë¬´ë¹„ : G Movie 

ë§¤ì£¼ í† ìš”ì¼ ì˜¤í›„ 10ì‹œ ì—…ë¡œë“œ

â–¶ë¹„ì¦ˆë‹ˆìŠ¤ 
awayout2@naver.com
â–¶ì§€ë¬´ë¹„ êµ¿ì¦ˆìƒµ
https://smartstore.naver.com/gmovie
â–¶ì§€ë¬´ë¹„ ê°œì¸ ì¸ìŠ¤íƒ€ê·¸ë¨
https://www.instagram.com/awayout1/
â–¶ì§€ë¬´ë¹„ ê³µì‹ ì¸ìŠ¤íƒ€ê·¸ë¨ 
https://www.instagram.com/G_movie__/
â–¶ì§€ë¬´ë¹„ í˜ì´ìŠ¤ë¶
https://www.facebook.com/pg/Gmoviee
â–¶íŒ¬ ì‚¬ì„œí•¨
(04387) ì„œìš¸ì‹œ ìš©ì‚°êµ¬ ì„œë¹™ê³ ë¡œ 17 ì„¼íŠ¸ëŸ´íŒŒí¬íƒ€ì›Œ, 30ì¸µ ìƒŒë“œë°•ìŠ¤
ë°›ëŠ” ì‚¬ëŒëª… - ì§€ë¬´ë¹„","@g-movie","2017-11-26 02:33:46","https://yt3.ggpht.com/ytc/AGIKgqMq1Jd-AoSuVFSBPJx87IRdDzSah4UT25PyJTT1Xw=s88-c-k-c0x00ffffff-no-rj","[40, 42]","ì˜í™” ë“œë¼ë§ˆ","https://yt3.googleusercontent.com/YZSsAoZix0DCd0figFc81fktZHrOmvpWg0Se4bspLVD4BLbZH1hsBaPmoG3hlGqlRUxgDovyqg","UUaHGOzOyeYzLQeKsVkfLEGA","1281642890","2950000","507","44680178","404179","27023","gold","0.97","50.49","1489339","13472","900","1:110","1:1654","https://imagedelivery.net/0LpbCRndcZjwIKnq2dWrKQ/661bb789-5bbb-46a7-b2d2-b32028d0f800/public","https://imagedelivery.net/0LpbCRndcZjwIKnq2dWrKQ/2cdee3d8-2815-4fd5-1aea-ab5bf51a0200/public"
"UCRuSxVu4iqTK5kCh90ntAgA","ì´ëª‡ëª…","ê´‘ê³  ë° ë¹„ì¦ˆë‹ˆìŠ¤ ë¬¸ì˜ : 
chongmmyung@sandbox.co.kr
í˜ì´ìŠ¤ë¶ : facebook.com/chongmmyung/
ì£¼ì†Œ : ì„œìš¸ì‹œ ìš©ì‚°êµ¬ ì„œë¹™ê³ ë¡œ 17 ì„¼íŠ¸ëŸ´íŒŒí¬íƒ€ì›Œ, 30ì¸µ ìƒŒë“œë°•ìŠ¤ ì´ëª‡ëª…","@chongmmyung","2016-10-25 01:33:55","https://yt3.ggpht.com/ikoBSvkW5k5z9Att2kLh02ALcjN-uNM17GUf-kwW4tNZNZ9EClXFnCuGQHu4ZRK5GkRN571K3w=s88-c-k-c0x00ffffff-no-rj","[40, 42]","ì´ëª‡ëª… ì• ë‹ˆë©”ì´ì…˜ ì´ëª‡ëª…ìŠ¤í† ë¦¬ ë‚˜ì²œì¬ ë¯¼ëª¨ë¦¬","https://yt3.googleusercontent.com/1OJWB92V1UOfaMuZO0K8u0Ry_WWgfzYRAuLNmzLcARvZg6uZvW9B5-t4eosKhwPx7hDR8Sz5","UURuSxVu4iqTK5kCh90ntAgA","1262552357","2850000","459","48294851","1048683","26811","gold","2.23","56.49","1609828","34956","893","1:46","1:1802","https://imagedelivery.net/0LpbCRndcZjwIKnq2dWrKQ/f068b949-aebf-4eb0-7334-445156c8ba00/public","https://imagedelivery.net/0LpbCRndcZjwIKnq2dWrKQ/04d0f544-72af-433d-3a41-6245426dd700/public"
